loan_status,term,sub_grade,initial_list_status,application_type,verification_status,purpose,home_ownership,earliest_cr_line,loan_amnt,int_rate,installment,annual_inc,dti,open_acc,pub_rec,revol_bal,revol_util,total_acc,mort_acc,pub_rec_bankruptcies
1, 36 months,C4,w,Individual,Not Verified,debt_consolidation,MORTGAGE,Aug-2003,3600.0,13.99,123.03,55000.0,5.91,7.0,0.0,2765.0,29.7,13.0,1.0,0.0
1, 36 months,C1,w,Individual,Not Verified,small_business,MORTGAGE,Dec-1999,24700.0,11.99,820.28,65000.0,16.06,22.0,0.0,21470.0,19.2,38.0,4.0,0.0
1, 60 months,B4,w,Joint App,Not Verified,home_improvement,MORTGAGE,Aug-2000,20000.0,10.78,432.66,63000.0,10.78,6.0,0.0,7869.0,56.2,18.0,5.0,0.0
1, 60 months,F1,w,Individual,Source Verified,major_purchase,MORTGAGE,Jun-1998,10400.0,22.45,289.91,104433.0,25.37,12.0,0.0,21929.0,64.5,35.0,6.0,0.0
1, 36 months,C3,w,Individual,Source Verified,debt_consolidation,RENT,Oct-1987,11950.0,13.44,405.18,34000.0,10.2,5.0,0.0,8822.0,68.4,6.0,0.0,0.0
1, 36 months,B2,f,Individual,Not Verified,debt_consolidation,MORTGAGE,Jun-1990,20000.0,9.17,637.58,180000.0,14.67,12.0,0.0,87329.0,84.5,27.0,4.0,0.0
1, 36 months,B1,w,Individual,Not Verified,major_purchase,MORTGAGE,Feb-1999,20000.0,8.49,631.26,85000.0,17.61,8.0,0.0,826.0,5.7,15.0,3.0,0.0
1, 36 months,A2,w,Individual,Not Verified,credit_card,RENT,Apr-2002,10000.0,6.49,306.45,85000.0,13.07,14.0,1.0,10464.0,34.5,23.0,1.0,1.0
1, 36 months,B5,w,Individual,Not Verified,credit_card,MORTGAGE,Nov-1994,8000.0,11.48,263.74,42000.0,34.8,8.0,0.0,7034.0,39.1,18.0,1.0,0.0
1, 36 months,C2,w,Individual,Not Verified,other,MORTGAGE,Jun-1996,1400.0,12.88,47.1,64000.0,34.95,17.0,0.0,37828.0,67.2,24.0,4.0,0.0
0, 60 months,E2,w,Individual,Not Verified,debt_consolidation,RENT,Jun-2005,18000.0,19.48,471.7,150000.0,9.39,18.0,1.0,14052.0,40.7,27.0,2.0,1.0
1, 36 months,A2,w,Individual,Not Verified,debt_consolidation,MORTGAGE,May-1984,28000.0,6.49,858.05,92000.0,21.6,16.0,0.0,51507.0,64.5,24.0,2.0,0.0
1, 36 months,A4,w,Individual,Not Verified,credit_card,MORTGAGE,Jun-1996,9600.0,7.49,298.58,60000.0,22.44,7.0,0.0,7722.0,59.4,9.0,0.0,0.0
1, 36 months,A4,w,Individual,Not Verified,debt_consolidation,MORTGAGE,Dec-2001,25000.0,7.49,777.55,109000.0,26.02,9.0,0.0,20862.0,54.3,19.0,3.0,0.0
1, 60 months,C1,w,Individual,Not Verified,debt_consolidation,MORTGAGE,Nov-1993,18000.0,11.99,400.31,112000.0,8.68,17.0,0.0,10711.0,15.5,27.0,4.0,0.0
1, 36 months,E3,w,Individual,Verified,debt_consolidation,RENT,Mar-2005,8650.0,19.89,320.99,55000.0,25.49,18.0,1.0,9568.0,46.0,19.0,0.0,1.0
1, 60 months,C2,w,Individual,Verified,debt_consolidation,MORTGAGE,May-2004,29900.0,12.88,678.49,65000.0,21.77,15.0,0.0,31682.0,46.7,31.0,2.0,0.0
1, 60 months,C5,w,Individual,Not Verified,credit_card,MORTGAGE,Jun-1991,16000.0,14.85,379.39,48000.0,33.18,11.0,2.0,19108.0,29.6,19.0,2.0,0.0
1, 36 months,C3,w,Individual,Source Verified,debt_consolidation,OWN,May-2000,28000.0,13.44,949.38,125000.0,7.49,6.0,0.0,22780.0,63.1,22.0,0.0,0.0
1, 36 months,C3,w,Individual,Verified,credit_card,RENT,Oct-2011,5000.0,13.44,169.54,79000.0,12.7,3.0,0.0,9441.0,101.5,5.0,0.0,0.0
1, 36 months,A4,w,Individual,Not Verified,debt_consolidation,MORTGAGE,May-1994,6000.0,7.49,186.61,100000.0,13.28,9.0,0.0,8563.0,72.0,16.0,2.0,0.0
0, 36 months,C5,w,Individual,Source Verified,debt_consolidation,RENT,Jul-2011,4225.0,14.85,146.16,35000.0,15.22,6.0,0.0,1058.0,24.6,6.0,0.0,0.0
1, 36 months,A1,w,Individual,Not Verified,debt_consolidation,OWN,May-1991,20000.0,5.32,602.3,65000.0,18.83,12.0,0.0,2269.0,3.0,17.0,0.0,0.0
1, 60 months,D4,w,Individual,Source Verified,debt_consolidation,MORTGAGE,Apr-2002,16000.0,17.97,406.04,109000.0,23.35,11.0,0.0,42469.0,87.6,33.0,1.0,0.0
1, 36 months,A1,w,Individual,Source Verified,credit_card,MORTGAGE,May-2001,17600.0,5.32,530.03,88000.0,26.59,20.0,0.0,12203.0,34.4,42.0,5.0,0.0
1, 36 months,A1,w,Individual,Source Verified,home_improvement,MORTGAGE,Jun-2002,15000.0,5.32,451.73,44000.0,15.34,7.0,0.0,17003.0,50.3,21.0,2.0,0.0
0, 36 months,C2,w,Individual,Not Verified,small_business,MORTGAGE,Dec-1985,16000.0,12.88,538.18,65000.0,18.96,7.0,1.0,5157.0,54.3,20.0,0.0,0.0
0, 60 months,F3,w,Individual,Not Verified,debt_consolidation,MORTGAGE,Apr-2007,24250.0,24.24,701.01,75000.0,20.84,18.0,0.0,24799.0,65.3,21.0,2.0,0.0
1, 36 months,B4,w,Individual,Not Verified,debt_consolidation,RENT,Feb-2002,12000.0,10.78,391.62,98000.0,24.04,15.0,1.0,20462.0,62.8,39.0,8.0,0.0
0, 60 months,C4,w,Individual,Not Verified,debt_consolidation,MORTGAGE,Jun-2001,25000.0,13.99,581.58,79000.0,34.53,33.0,0.0,22519.0,18.6,72.0,6.0,0.0
1, 36 months,A4,w,Individual,Not Verified,credit_card,MORTGAGE,Oct-1996,7000.0,7.49,217.72,59000.0,13.06,10.0,0.0,10467.0,24.2,34.0,3.0,0.0
1, 60 months,C4,w,Individual,Source Verified,credit_card,RENT,Jan-2005,21000.0,13.99,488.53,52000.0,14.47,5.0,0.0,20374.0,87.4,15.0,0.0,0.0
1, 60 months,C5,w,Individual,Not Verified,other,MORTGAGE,Jul-2001,27500.0,14.85,652.06,195000.0,6.79,14.0,0.0,34974.0,50.9,19.0,1.0,0.0
1, 36 months,B5,w,Individual,Verified,home_improvement,MORTGAGE,Aug-2004,7200.0,11.48,237.36,72500.0,8.47,5.0,0.0,5449.0,35.2,7.0,2.0,0.0
1, 36 months,C5,w,Individual,Not Verified,credit_card,RENT,Jun-2007,20000.0,14.85,691.84,110000.0,12.45,8.0,0.0,21374.0,84.5,12.0,0.0,0.0
1, 36 months,D1,w,Individual,Not Verified,house,RENT,Jul-2004,20000.0,15.77,700.88,70000.0,22.21,24.0,0.0,19077.0,36.6,63.0,1.0,0.0
0, 60 months,D4,w,Individual,Not Verified,credit_card,MORTGAGE,Apr-2001,10000.0,17.97,253.78,55000.0,35.7,14.0,0.0,38623.0,78.0,28.0,6.0,0.0
1, 36 months,B3,w,Individual,Not Verified,debt_consolidation,RENT,May-1992,20000.0,9.8,643.47,75000.0,23.45,14.0,0.0,7558.0,9.6,26.0,1.0,0.0
1, 36 months,A1,w,Individual,Not Verified,credit_card,MORTGAGE,Jul-2001,8650.0,5.32,260.5,100000.0,7.28,15.0,0.0,7158.0,26.7,24.0,1.0,0.0
1, 60 months,C3,w,Individual,Source Verified,debt_consolidation,RENT,Oct-1999,21000.0,13.44,482.56,54649.0,12.14,9.0,1.0,1581.0,26.8,44.0,2.0,1.0
1, 36 months,D1,w,Individual,Not Verified,debt_consolidation,RENT,Jun-2005,7200.0,15.77,252.32,55000.0,17.35,24.0,1.0,5938.0,69.0,43.0,0.0,0.0
1, 36 months,B3,w,Individual,Source Verified,credit_card,MORTGAGE,Nov-2001,8800.0,9.8,283.13,92000.0,5.18,9.0,0.0,9195.0,76.6,24.0,2.0,0.0
1, 36 months,D3,w,Individual,Verified,other,MORTGAGE,Jan-2001,2500.0,17.27,89.47,50000.0,17.6,7.0,0.0,732.0,31.1,22.0,0.0,0.0
1, 36 months,B2,w,Individual,Not Verified,credit_card,MORTGAGE,Sep-2004,11000.0,9.17,350.67,69000.0,21.34,9.0,0.0,8137.0,84.8,18.0,2.0,0.0
1, 36 months,C2,f,Individual,Not Verified,house,MORTGAGE,Sep-2006,10000.0,12.88,336.37,91392.0,9.44,13.0,0.0,6959.0,41.7,33.0,3.0,0.0
1, 60 months,D5,w,Individual,Verified,debt_consolidation,MORTGAGE,Oct-2002,28000.0,18.49,718.51,75000.0,31.88,27.0,0.0,43413.0,51.9,46.0,2.0,0.0
1, 60 months,C1,w,Individual,Source Verified,home_improvement,MORTGAGE,Feb-1990,35000.0,11.99,778.38,128000.0,6.46,17.0,0.0,14277.0,27.4,46.0,5.0,0.0
1, 36 months,B2,w,Individual,Not Verified,debt_consolidation,MORTGAGE,Aug-1987,7200.0,9.17,229.53,50000.0,19.25,13.0,0.0,9051.0,47.6,25.0,3.0,0.0
1, 36 months,A5,w,Individual,Not Verified,credit_card,RENT,Oct-1998,10000.0,7.91,312.95,40100.0,10.81,4.0,0.0,6664.0,45.0,7.0,0.0,0.0
0, 60 months,C3,w,Individual,Not Verified,credit_card,RENT,Apr-2002,16000.0,13.44,367.67,42000.0,9.6,29.0,0.0,11834.0,44.8,48.0,0.0,0.0
1, 36 months,C1,w,Individual,Source Verified,credit_card,RENT,Apr-2001,21875.0,11.99,726.46,47590.0,17.76,9.0,0.0,24882.0,57.1,14.0,0.0,0.0
1, 60 months,D5,w,Individual,Verified,debt_consolidation,MORTGAGE,Aug-2001,14025.0,18.49,359.9,39000.0,18.0,12.0,0.0,15646.0,74.9,21.0,3.0,0.0
0, 60 months,C2,w,Individual,Source Verified,debt_consolidation,MORTGAGE,Apr-2002,35000.0,12.88,794.21,106000.0,17.36,8.0,0.0,39055.0,72.1,27.0,4.0,0.0
1, 36 months,C2,w,Individual,Not Verified,debt_consolidation,MORTGAGE,Feb-2004,20000.0,12.88,672.73,145000.0,12.28,12.0,0.0,22551.0,80.2,21.0,5.0,0.0
0, 60 months,C5,w,Individual,Not Verified,debt_consolidation,MORTGAGE,Aug-2009,14000.0,14.85,331.96,60000.0,24.29,11.0,0.0,12718.0,73.9,24.0,0.0,0.0
0, 60 months,C4,w,Individual,Source Verified,debt_consolidation,OWN,Jun-2001,20000.0,13.99,465.27,70000.0,16.9,20.0,0.0,31200.0,42.0,35.0,0.0,0.0
1, 36 months,C3,w,Individual,Not Verified,debt_consolidation,MORTGAGE,Jan-1999,4200.0,13.44,142.41,102500.0,26.21,14.0,0.0,11947.0,88.5,37.0,7.0,0.0
1, 60 months,C5,w,Individual,Not Verified,credit_card,OWN,Jun-2000,19000.0,14.85,450.52,75000.0,13.09,15.0,0.0,17771.0,63.7,34.0,3.0,0.0
1, 60 months,F2,f,Individual,Not Verified,debt_consolidation,OWN,Jan-2007,15850.0,23.13,448.01,45000.0,34.85,18.0,0.0,8799.0,21.3,24.0,0.0,0.0
1, 36 months,D1,w,Individual,Not Verified,home_improvement,MORTGAGE,Aug-1997,30000.0,15.77,1051.31,175000.0,18.5,9.0,0.0,21831.0,50.3,23.0,3.0,0.0
1, 36 months,A2,w,Individual,Not Verified,vacation,MORTGAGE,Dec-1987,1500.0,6.49,45.97,45000.0,16.11,12.0,0.0,3717.0,21.2,37.0,4.0,0.0
1, 36 months,A1,w,Individual,Not Verified,credit_card,MORTGAGE,Feb-1996,25000.0,5.32,752.87,150000.0,9.54,7.0,0.0,19339.0,42.5,18.0,7.0,0.0
0, 60 months,D5,w,Individual,Source Verified,debt_consolidation,RENT,Jun-2004,20200.0,18.49,518.35,60000.0,34.84,10.0,1.0,8284.0,40.6,16.0,0.0,1.0
0, 60 months,E3,w,Individual,Not Verified,credit_card,RENT,Jun-1995,23975.0,19.89,633.73,70000.0,33.2,10.0,0.0,44807.0,94.9,19.0,3.0,0.0
1, 60 months,B4,w,Individual,Not Verified,debt_consolidation,MORTGAGE,Aug-2001,15000.0,10.78,324.5,65000.0,29.28,18.0,0.0,24723.0,69.8,32.0,1.0,0.0
1, 36 months,B4,w,Individual,Not Verified,debt_consolidation,MORTGAGE,Oct-2004,10000.0,10.78,326.35,41600.0,15.78,18.0,0.0,12958.0,52.5,33.0,2.0,0.0
1, 36 months,B1,w,Individual,Not Verified,credit_card,MORTGAGE,Dec-2002,15000.0,8.49,473.45,110000.0,13.24,16.0,1.0,19029.0,41.4,33.0,4.0,1.0
0, 60 months,E4,w,Individual,Not Verified,car,OWN,Aug-1986,23100.0,20.5,618.46,110000.0,20.43,11.0,0.0,20594.0,94.9,24.0,2.0,0.0
0, 36 months,D3,w,Individual,Not Verified,home_improvement,MORTGAGE,Nov-2002,27300.0,17.27,977.0,65000.0,25.63,14.0,0.0,31035.0,83.0,38.0,2.0,0.0
1, 60 months,B5,w,Individual,Not Verified,credit_card,MORTGAGE,Oct-2004,25000.0,11.48,549.57,135000.0,4.65,16.0,0.0,7340.0,13.5,33.0,5.0,0.0
1, 36 months,B4,w,Individual,Verified,credit_card,RENT,Oct-2006,15000.0,10.78,489.52,40000.0,10.17,7.0,0.0,12272.0,75.3,9.0,0.0,0.0
1, 60 months,D2,w,Individual,Source Verified,debt_consolidation,RENT,Sep-2000,10000.0,16.59,246.33,30000.0,30.84,19.0,1.0,6118.0,26.6,36.0,0.0,1.0
1, 60 months,C2,w,Individual,Source Verified,debt_consolidation,MORTGAGE,Jun-2002,18500.0,12.88,419.8,70000.0,13.2,9.0,0.0,15883.0,57.8,19.0,2.0,0.0
1, 36 months,A5,w,Individual,Source Verified,credit_card,RENT,Feb-2012,5000.0,7.91,156.48,32000.0,13.73,7.0,1.0,5552.0,41.1,10.0,0.0,1.0
1, 36 months,B2,w,Individual,Not Verified,debt_consolidation,OWN,Jun-2001,9000.0,9.17,286.92,50000.0,11.98,5.0,0.0,7518.0,48.5,11.0,2.0,0.0
1, 36 months,A2,w,Individual,Not Verified,credit_card,MORTGAGE,Apr-2005,11000.0,6.49,337.09,85000.0,15.0,12.0,0.0,9488.0,20.1,31.0,0.0,0.0
1, 36 months,A2,w,Individual,Not Verified,debt_consolidation,MORTGAGE,Sep-1994,20000.0,6.49,612.89,55000.0,29.15,9.0,0.0,4851.0,23.8,23.0,1.0,0.0
1, 36 months,A1,w,Individual,Not Verified,debt_consolidation,RENT,Apr-1993,15000.0,5.32,451.73,80000.0,20.18,30.0,0.0,41593.0,21.4,47.0,2.0,0.0
1, 36 months,A1,w,Individual,Source Verified,debt_consolidation,MORTGAGE,Sep-2007,12000.0,5.32,361.38,53750.0,15.3,8.0,0.0,3172.0,17.2,19.0,2.0,0.0
1, 36 months,B4,w,Individual,Not Verified,debt_consolidation,MORTGAGE,Jan-1998,8000.0,10.78,261.08,45000.0,21.23,28.0,0.0,11141.0,35.5,69.0,2.0,0.0
1, 36 months,B4,w,Individual,Not Verified,credit_card,RENT,May-2008,12000.0,10.78,391.62,40000.0,31.95,16.0,0.0,11008.0,41.4,22.0,0.0,0.0
1, 36 months,A4,w,Individual,Not Verified,debt_consolidation,MORTGAGE,Mar-2001,18000.0,7.49,559.83,75000.0,25.65,12.0,0.0,7758.0,33.2,47.0,1.0,0.0
1, 36 months,B5,w,Individual,Source Verified,debt_consolidation,MORTGAGE,Apr-1994,3600.0,11.48,118.68,85000.0,17.44,12.0,1.0,6952.0,28.7,23.0,1.0,1.0
0, 36 months,D3,w,Individual,Verified,debt_consolidation,OWN,Apr-2003,7200.0,17.27,257.67,20000.0,13.21,8.0,0.0,7302.0,32.6,17.0,0.0,0.0
1, 60 months,C3,w,Individual,Source Verified,credit_card,RENT,Dec-2001,15000.0,13.44,344.69,77213.0,18.17,17.0,1.0,59237.0,25.8,44.0,1.0,1.0
1, 36 months,B3,f,Individual,Not Verified,other,OWN,Jan-2002,5000.0,9.8,160.87,72000.0,6.52,11.0,1.0,4838.0,56.3,20.0,2.0,1.0
0, 60 months,D2,w,Individual,Not Verified,credit_card,RENT,Jan-2011,11550.0,16.59,284.51,38000.0,21.07,9.0,0.0,7179.0,39.7,12.0,0.0,0.0
1, 36 months,B4,w,Individual,Source Verified,debt_consolidation,RENT,Nov-2000,33600.0,10.78,1096.53,104000.0,14.01,14.0,0.0,28475.0,51.8,31.0,1.0,0.0
0, 36 months,C4,w,Individual,Not Verified,debt_consolidation,RENT,May-2002,17475.0,13.99,597.17,39750.0,23.58,7.0,0.0,10987.0,52.3,13.0,0.0,0.0
1, 36 months,B1,w,Individual,Not Verified,debt_consolidation,MORTGAGE,Nov-2000,9000.0,8.49,284.07,47000.0,8.43,12.0,0.0,9747.0,26.7,22.0,0.0,0.0
1, 60 months,B3,w,Individual,Not Verified,debt_consolidation,MORTGAGE,Nov-2003,12000.0,9.8,253.79,65000.0,23.84,18.0,0.0,9786.0,13.4,37.0,2.0,0.0
1, 36 months,B2,w,Individual,Verified,debt_consolidation,RENT,Sep-2003,4000.0,9.17,127.52,44500.0,15.83,4.0,1.0,502.0,4.2,24.0,3.0,1.0
1, 36 months,D1,w,Individual,Source Verified,credit_card,RENT,Aug-2008,10500.0,15.77,367.96,70100.0,8.51,5.0,0.0,8280.0,77.4,10.0,0.0,0.0
1, 36 months,B3,f,Individual,Not Verified,medical,MORTGAGE,Dec-1997,14000.0,9.8,450.43,100000.0,15.97,7.0,0.0,34250.0,36.1,14.0,2.0,0.0
1, 36 months,A5,w,Individual,Not Verified,car,MORTGAGE,May-2006,6000.0,7.91,187.77,105000.0,14.45,9.0,3.0,8353.0,65.3,11.0,1.0,0.0
1, 36 months,B3,w,Individual,Not Verified,debt_consolidation,MORTGAGE,Nov-2001,15000.0,9.8,482.61,92000.0,13.89,7.0,2.0,12703.0,35.2,31.0,6.0,1.0
1, 36 months,B2,w,Individual,Not Verified,debt_consolidation,MORTGAGE,Sep-2006,12000.0,9.17,382.55,39400.0,26.32,18.0,0.0,10495.0,34.6,25.0,2.0,0.0
1, 36 months,B5,w,Individual,Not Verified,debt_consolidation,RENT,Aug-2009,10000.0,11.48,329.67,33000.0,21.75,12.0,1.0,8052.0,35.6,20.0,0.0,0.0
1, 36 months,C4,w,Individual,Source Verified,other,RENT,Nov-2009,4200.0,13.99,143.53,32000.0,31.02,10.0,0.0,1294.0,11.7,16.0,0.0,0.0
1, 60 months,E4,w,Individual,Source Verified,debt_consolidation,MORTGAGE,Oct-1994,35000.0,20.5,937.06,120000.0,35.69,25.0,0.0,13993.0,32.2,54.0,3.0,0.0
0, 36 months,E1,w,Individual,Verified,debt_consolidation,MORTGAGE,Dec-1999,5475.0,18.99,200.67,108000.0,33.47,11.0,0.0,3045.0,41.0,27.0,2.0,0.0
1, 36 months,C3,w,Individual,Source Verified,debt_consolidation,OWN,Nov-1994,6000.0,13.44,203.44,38700.0,23.26,4.0,0.0,1960.0,19.2,10.0,0.0,0.0
1, 36 months,B2,w,Individual,Source Verified,debt_consolidation,MORTGAGE,May-1985,24000.0,9.17,765.1,75000.0,10.11,14.0,1.0,11763.0,39.5,25.0,3.0,1.0
1, 36 months,C2,w,Individual,Verified,debt_consolidation,RENT,Sep-2002,10000.0,12.88,336.37,60000.0,3.3,5.0,0.0,6727.0,64.1,42.0,2.0,0.0
1, 36 months,E3,w,Individual,Source Verified,debt_consolidation,RENT,Jun-2005,6900.0,19.89,256.05,80000.0,9.57,10.0,0.0,4091.0,35.9,16.0,0.0,0.0
1, 36 months,D2,w,Individual,Not Verified,debt_consolidation,MORTGAGE,Jun-1999,15975.0,16.59,566.3,58800.0,20.45,11.0,0.0,9196.0,71.8,23.0,1.0,0.0
1, 36 months,C3,w,Individual,Verified,debt_consolidation,MORTGAGE,Jun-2001,21600.0,13.44,732.38,54000.0,17.64,9.0,0.0,26438.0,60.8,30.0,6.0,0.0
0, 60 months,E2,w,Individual,Source Verified,debt_consolidation,RENT,Nov-2006,14400.0,19.48,377.36,73320.0,17.02,9.0,0.0,12105.0,96.8,19.0,0.0,0.0
1, 36 months,C4,w,Individual,Not Verified,other,RENT,May-2006,8000.0,13.99,273.39,42000.0,23.26,8.0,0.0,4414.0,40.5,10.0,0.0,0.0
1, 36 months,C4,w,Individual,Source Verified,debt_consolidation,RENT,Nov-2002,7000.0,13.99,239.21,83000.0,21.96,11.0,0.0,17866.0,83.1,28.0,0.0,0.0
1, 36 months,B4,w,Individual,Not Verified,debt_consolidation,OWN,Nov-2003,20000.0,10.78,652.7,55000.0,36.94,18.0,1.0,24365.0,43.0,32.0,0.0,0.0
0, 60 months,F5,w,Individual,Verified,debt_consolidation,RENT,Jan-2002,25825.0,26.06,774.14,68000.0,31.68,18.0,0.0,20769.0,69.7,33.0,0.0,0.0
1, 60 months,F1,w,Individual,Verified,debt_consolidation,MORTGAGE,Nov-1996,24575.0,22.45,685.04,92000.0,24.16,8.0,0.0,25225.0,79.3,27.0,3.0,0.0
1, 36 months,B1,w,Individual,Not Verified,medical,RENT,Feb-2000,3200.0,8.49,101.01,30407.0,20.61,5.0,0.0,1061.0,30.3,13.0,0.0,0.0
1, 60 months,D1,w,Individual,Not Verified,debt_consolidation,MORTGAGE,Jan-1957,22875.0,15.77,553.49,137000.0,32.3,22.0,0.0,44174.0,45.8,62.0,5.0,0.0
1, 36 months,C3,w,Individual,Source Verified,debt_consolidation,MORTGAGE,Jun-2006,35000.0,13.44,1186.72,125000.0,24.19,15.0,0.0,47300.0,51.9,26.0,8.0,0.0
1, 36 months,D3,w,Individual,Verified,home_improvement,MORTGAGE,Jul-2001,2400.0,17.27,85.89,52000.0,28.38,16.0,1.0,7763.0,41.5,18.0,0.0,0.0
1, 36 months,A4,w,Individual,Not Verified,debt_consolidation,MORTGAGE,Aug-1974,25000.0,7.49,777.55,132000.0,13.83,14.0,0.0,33231.0,48.0,32.0,3.0,0.0
1, 36 months,C2,w,Individual,Not Verified,credit_card,RENT,Feb-2010,8800.0,12.88,296.0,55000.0,35.52,20.0,0.0,11331.0,37.5,29.0,0.0,0.0
1, 36 months,B5,w,Individual,Not Verified,debt_consolidation,RENT,Nov-2005,2500.0,11.48,82.42,16488.0,38.06,12.0,0.0,2469.0,8.2,18.0,0.0,0.0
1, 36 months,A1,w,Individual,Not Verified,credit_card,RENT,Nov-2002,8000.0,5.32,240.92,50000.0,14.86,21.0,0.0,6452.0,35.1,64.0,0.0,0.0
0, 36 months,C1,w,Individual,Not Verified,debt_consolidation,MORTGAGE,Dec-1999,20000.0,11.99,664.2,78000.0,27.1,15.0,0.0,40405.0,48.2,37.0,6.0,0.0
0, 60 months,C2,w,Individual,Source Verified,major_purchase,MORTGAGE,Dec-1983,35000.0,12.88,794.21,110000.0,13.39,19.0,0.0,23315.0,47.2,32.0,2.0,0.0
1, 36 months,A4,w,Individual,Verified,debt_consolidation,MORTGAGE,Jan-1993,15000.0,7.49,466.53,45000.0,10.67,10.0,0.0,16173.0,43.5,20.0,2.0,0.0
0, 36 months,D1,w,Individual,Not Verified,debt_consolidation,MORTGAGE,Mar-2004,16000.0,15.77,560.7,70000.0,8.78,7.0,0.0,15986.0,76.1,25.0,1.0,0.0
1, 60 months,C4,w,Individual,Source Verified,debt_consolidation,RENT,Oct-1999,10800.0,13.99,251.25,40000.0,26.13,7.0,2.0,8192.0,71.2,14.0,0.0,2.0
1, 36 months,D4,w,Individual,Source Verified,debt_consolidation,OWN,Aug-1998,7500.0,17.97,271.04,15000.0,37.2,8.0,1.0,7933.0,66.7,14.0,0.0,1.0
0, 36 months,B4,w,Individual,Not Verified,debt_consolidation,RENT,Dec-2006,16000.0,10.78,522.16,63000.0,35.19,12.0,0.0,20672.0,46.0,22.0,0.0,0.0
1, 36 months,A1,w,Individual,Not Verified,credit_card,MORTGAGE,Nov-1991,9000.0,5.32,271.04,49000.0,21.63,18.0,0.0,8775.0,11.7,29.0,0.0,0.0
1, 36 months,D1,w,Individual,Not Verified,other,RENT,Apr-2006,9500.0,15.77,332.92,28000.0,27.95,7.0,0.0,1844.0,55.9,14.0,0.0,0.0
0, 36 months,A5,w,Individual,Not Verified,debt_consolidation,OWN,Oct-2008,10000.0,7.91,312.95,25000.0,29.91,16.0,0.0,9053.0,22.9,30.0,0.0,0.0
1, 36 months,A5,w,Individual,Not Verified,debt_consolidation,MORTGAGE,Nov-2004,6000.0,7.91,187.77,49000.0,17.92,10.0,0.0,2212.0,4.4,16.0,1.0,0.0
1, 60 months,C3,w,Individual,Not Verified,major_purchase,MORTGAGE,Feb-1995,15600.0,13.44,358.48,52000.0,15.37,6.0,0.0,12329.0,69.3,13.0,3.0,0.0
1, 36 months,B1,w,Individual,Source Verified,debt_consolidation,OWN,Oct-1991,35000.0,8.49,1104.71,90000.0,13.36,11.0,0.0,15448.0,42.9,26.0,3.0,0.0
1, 36 months,B5,w,Individual,Not Verified,debt_consolidation,MORTGAGE,Jun-1995,5000.0,11.48,164.84,78000.0,21.21,19.0,0.0,34764.0,54.3,21.0,1.0,0.0
1, 60 months,D5,w,Individual,Source Verified,credit_card,MORTGAGE,Sep-1983,20400.0,18.49,523.48,75000.0,38.65,22.0,0.0,24345.0,42.6,49.0,3.0,0.0
0, 36 months,D4,w,Individual,Not Verified,debt_consolidation,MORTGAGE,May-1994,8000.0,17.97,289.1,33130.0,11.52,18.0,0.0,7610.0,27.4,26.0,1.0,0.0
1, 36 months,B4,w,Individual,Not Verified,debt_consolidation,RENT,Jan-2008,16000.0,10.78,522.16,87500.0,13.74,13.0,0.0,21151.0,83.9,17.0,0.0,0.0
0, 36 months,A5,w,Individual,Not Verified,debt_consolidation,MORTGAGE,Nov-2002,18000.0,7.91,563.31,80000.0,15.56,5.0,0.0,20724.0,82.6,6.0,1.0,0.0
1, 36 months,B2,w,Individual,Source Verified,debt_consolidation,RENT,Jun-1995,35000.0,9.17,1115.77,105000.0,25.07,11.0,0.0,92939.0,85.0,26.0,1.0,0.0
1, 36 months,A1,w,Individual,Not Verified,major_purchase,RENT,May-2001,13150.0,5.32,396.01,40000.0,20.25,13.0,0.0,11221.0,20.1,17.0,0.0,0.0
1, 36 months,B2,w,Individual,Source Verified,credit_card,RENT,Jul-1995,5600.0,9.17,178.53,48000.0,19.85,8.0,0.0,12503.0,64.8,68.0,1.0,0.0
1, 36 months,B3,w,Individual,Not Verified,credit_card,MORTGAGE,May-2000,23000.0,9.8,739.99,90247.0,17.09,11.0,0.0,21039.0,41.3,25.0,2.0,0.0
1, 60 months,C5,w,Individual,Not Verified,credit_card,MORTGAGE,Aug-1989,12600.0,14.85,298.77,175000.0,11.75,14.0,1.0,16659.0,47.5,25.0,4.0,1.0
1, 36 months,D2,w,Individual,Source Verified,debt_consolidation,MORTGAGE,Oct-2000,11000.0,16.59,389.94,55000.0,16.85,6.0,0.0,5739.0,61.1,14.0,3.0,0.0
1, 36 months,C1,w,Individual,Source Verified,debt_consolidation,RENT,Nov-2005,4000.0,11.99,132.84,41501.0,12.9,8.0,0.0,8485.0,36.3,12.0,0.0,0.0
1, 36 months,B5,w,Individual,Not Verified,debt_consolidation,RENT,Dec-2000,20000.0,11.48,659.33,60000.0,22.62,10.0,0.0,29929.0,61.5,20.0,0.0,0.0
1, 36 months,B2,w,Individual,Not Verified,credit_card,MORTGAGE,Oct-1996,10000.0,9.17,318.79,59307.0,32.7,17.0,0.0,24399.0,59.5,30.0,1.0,0.0
0, 36 months,E5,f,Individual,Not Verified,debt_consolidation,MORTGAGE,Jun-1997,18850.0,21.48,714.83,55000.0,15.56,11.0,0.0,6069.0,38.4,26.0,8.0,0.0
1, 60 months,C1,w,Individual,Not Verified,debt_consolidation,MORTGAGE,Sep-1989,21000.0,11.99,467.03,82000.0,15.07,18.0,0.0,27092.0,35.0,34.0,2.0,0.0
1, 36 months,B1,w,Individual,Not Verified,debt_consolidation,MORTGAGE,May-1998,10500.0,8.49,331.42,60000.0,15.39,13.0,1.0,10760.0,62.6,19.0,5.0,0.0
0, 36 months,D3,w,Individual,Not Verified,house,RENT,May-2001,4575.0,17.27,163.73,56000.0,10.03,12.0,0.0,2380.0,27.0,17.0,1.0,0.0
1, 36 months,B5,w,Individual,Source Verified,other,RENT,Aug-2011,5000.0,11.48,164.84,17000.0,27.9,8.0,0.0,6378.0,44.3,11.0,0.0,0.0
1, 36 months,A3,f,Individual,Not Verified,home_improvement,MORTGAGE,Sep-2002,8000.0,6.99,246.99,45000.0,15.15,12.0,0.0,5890.0,23.7,26.0,1.0,0.0
0, 36 months,C1,w,Individual,Source Verified,debt_consolidation,RENT,Apr-2005,5000.0,11.99,166.05,30000.0,9.16,12.0,2.0,5426.0,28.3,15.0,0.0,0.0
1, 36 months,A1,w,Individual,Not Verified,credit_card,MORTGAGE,Sep-1984,9075.0,5.32,273.3,40000.0,8.39,15.0,0.0,12854.0,16.3,26.0,3.0,0.0
1, 36 months,A4,w,Individual,Not Verified,credit_card,RENT,Apr-2004,12500.0,7.49,388.78,52000.0,6.83,5.0,0.0,10009.0,80.7,7.0,0.0,0.0
0, 60 months,D1,w,Individual,Source Verified,debt_consolidation,MORTGAGE,Oct-2003,19600.0,15.77,474.25,80000.0,18.99,15.0,0.0,11038.0,81.1,26.0,2.0,0.0
1, 36 months,C4,w,Individual,Source Verified,debt_consolidation,MORTGAGE,May-2012,35000.0,13.99,1196.05,90000.0,10.97,5.0,0.0,2193.0,12.3,7.0,1.0,0.0
1, 60 months,B1,w,Individual,Not Verified,debt_consolidation,MORTGAGE,Jan-2004,28000.0,8.49,574.33,75000.0,24.83,16.0,0.0,18002.0,72.0,23.0,3.0,0.0
0, 60 months,D1,w,Individual,Not Verified,debt_consolidation,RENT,Jun-1981,14000.0,15.77,338.75,45500.0,19.24,10.0,0.0,6297.0,25.9,12.0,0.0,0.0
1, 36 months,B3,f,Individual,Not Verified,credit_card,MORTGAGE,Jul-1993,16000.0,9.8,514.78,99906.0,6.97,10.0,1.0,12632.0,69.8,26.0,4.0,0.0
1, 36 months,A1,w,Individual,Not Verified,debt_consolidation,RENT,Nov-1999,14000.0,5.32,421.61,120000.0,6.73,13.0,0.0,15686.0,16.9,20.0,0.0,0.0
1, 36 months,B1,w,Individual,Not Verified,debt_consolidation,MORTGAGE,Aug-1997,24000.0,8.49,757.51,72000.0,22.8,16.0,0.0,20014.0,34.3,52.0,0.0,0.0
1, 36 months,C4,w,Individual,Source Verified,debt_consolidation,OWN,Sep-2002,35000.0,13.99,1196.05,75000.0,18.19,17.0,0.0,22755.0,69.6,32.0,1.0,0.0
1, 36 months,B5,w,Individual,Verified,credit_card,RENT,Dec-2009,8000.0,11.48,263.74,21610.0,31.06,9.0,0.0,8898.0,48.4,10.0,0.0,0.0
1, 36 months,C3,w,Individual,Source Verified,debt_consolidation,RENT,Jun-2007,3600.0,13.44,122.07,25000.0,26.45,23.0,0.0,4419.0,30.7,39.0,0.0,0.0
1, 36 months,C4,w,Individual,Not Verified,debt_consolidation,MORTGAGE,Jul-1998,10500.0,13.99,358.82,110000.0,30.73,19.0,0.0,28822.0,81.2,38.0,4.0,0.0
1, 36 months,B5,w,Individual,Verified,home_improvement,MORTGAGE,Jul-1994,3000.0,11.48,98.9,105000.0,12.09,11.0,0.0,5560.0,57.9,22.0,2.0,0.0
1, 36 months,C5,f,Individual,Source Verified,credit_card,RENT,Sep-2010,16000.0,14.85,553.48,43000.0,17.11,13.0,0.0,10130.0,51.2,16.0,0.0,0.0
1, 36 months,A4,w,Individual,Not Verified,debt_consolidation,MORTGAGE,Mar-2000,8000.0,7.49,248.82,57000.0,25.01,19.0,0.0,15916.0,41.1,31.0,2.0,0.0
1, 36 months,A4,w,Individual,Not Verified,debt_consolidation,RENT,Aug-2001,19500.0,7.49,606.49,85000.0,13.74,8.0,0.0,18662.0,70.7,20.0,0.0,0.0
1, 36 months,B1,w,Individual,Source Verified,other,MORTGAGE,Nov-1985,2000.0,8.49,63.13,140000.0,6.78,7.0,0.0,4110.0,6.8,16.0,2.0,0.0
1, 36 months,A1,w,Individual,Not Verified,debt_consolidation,MORTGAGE,Sep-1990,16000.0,5.32,481.84,96000.0,14.45,23.0,0.0,21922.0,29.8,38.0,6.0,0.0
1, 36 months,B4,w,Individual,Source Verified,vacation,MORTGAGE,Mar-1997,3500.0,10.78,114.23,122400.0,17.97,16.0,3.0,27242.0,58.6,30.0,5.0,1.0
1, 36 months,B5,w,Individual,Verified,debt_consolidation,OWN,Oct-2008,24000.0,11.48,791.2,95000.0,26.89,9.0,0.0,18255.0,102.0,12.0,0.0,0.0
1, 36 months,A1,w,Individual,Not Verified,credit_card,OWN,Sep-2000,6000.0,5.32,180.69,120000.0,3.98,14.0,0.0,7763.0,19.4,21.0,0.0,0.0
1, 36 months,A5,w,Individual,Not Verified,debt_consolidation,MORTGAGE,May-1993,24000.0,7.91,751.08,100000.0,26.83,21.0,0.0,35994.0,56.4,39.0,1.0,0.0
0, 60 months,D5,w,Individual,Verified,debt_consolidation,RENT,Jun-2000,14875.0,18.49,381.71,37231.0,36.3,24.0,1.0,4665.0,27.9,49.0,1.0,1.0
1, 36 months,C1,w,Individual,Not Verified,other,RENT,Jun-1986,10000.0,11.99,332.1,45000.0,37.55,19.0,1.0,8339.0,24.4,40.0,2.0,1.0
1, 36 months,A3,w,Individual,Not Verified,credit_card,MORTGAGE,Oct-1993,15000.0,6.99,463.09,93000.0,14.86,8.0,0.0,14914.0,43.2,17.0,1.0,0.0
1, 36 months,A1,w,Individual,Not Verified,credit_card,RENT,Oct-1987,10000.0,5.32,301.15,68000.0,14.61,11.0,0.0,15206.0,46.6,32.0,5.0,0.0
1, 60 months,E2,w,Individual,Verified,debt_consolidation,RENT,Aug-1997,24000.0,19.48,628.93,97000.0,7.23,14.0,0.0,16424.0,52.5,38.0,1.0,0.0
1, 60 months,D4,w,Individual,Not Verified,debt_consolidation,MORTGAGE,May-1998,23525.0,17.97,597.0,70000.0,13.33,13.0,1.0,28738.0,90.9,22.0,2.0,0.0
1, 36 months,B4,w,Individual,Verified,other,RENT,Apr-1992,11000.0,10.78,358.99,297000.0,12.69,12.0,0.0,34746.0,61.9,33.0,7.0,0.0
1, 36 months,B2,w,Individual,Source Verified,debt_consolidation,MORTGAGE,Aug-2002,24000.0,9.17,765.1,210000.0,20.16,18.0,0.0,16417.0,65.1,35.0,1.0,0.0
1, 36 months,B1,w,Individual,Not Verified,credit_card,MORTGAGE,Feb-2000,16000.0,8.49,505.01,140000.0,14.68,19.0,0.0,28430.0,77.3,25.0,2.0,0.0
0, 60 months,A5,w,Individual,Verified,debt_consolidation,RENT,Aug-2001,15000.0,7.91,303.51,90000.0,17.07,20.0,0.0,20125.0,62.0,25.0,0.0,0.0
0, 36 months,C1,w,Individual,Not Verified,debt_consolidation,MORTGAGE,Mar-2009,5000.0,11.99,166.05,60000.0,19.56,13.0,0.0,15996.0,50.8,19.0,3.0,0.0
1, 36 months,B4,w,Individual,Source Verified,credit_card,OWN,Sep-2009,15000.0,10.78,489.52,85000.0,10.14,16.0,0.0,8768.0,44.7,21.0,0.0,0.0
1, 36 months,B3,w,Individual,Not Verified,credit_card,RENT,Dec-1977,15000.0,9.8,482.61,60000.0,25.56,19.0,0.0,15448.0,25.5,53.0,3.0,0.0
1, 36 months,C4,f,Individual,Verified,other,RENT,Jun-1986,3500.0,13.99,119.61,105000.0,17.65,9.0,0.0,22712.0,78.9,19.0,0.0,0.0
1, 36 months,B2,w,Individual,Source Verified,debt_consolidation,RENT,Oct-2011,20000.0,9.17,637.58,130000.0,12.77,8.0,0.0,12187.0,36.5,13.0,0.0,0.0
1, 60 months,D5,w,Individual,Source Verified,debt_consolidation,MORTGAGE,Jul-2003,35000.0,18.49,898.13,132500.0,14.48,16.0,0.0,27946.0,83.9,25.0,5.0,0.0
1, 36 months,C1,w,Individual,Not Verified,other,MORTGAGE,May-1984,2000.0,11.99,66.42,180000.0,12.66,10.0,0.0,4016.0,75.8,32.0,3.0,0.0
1, 36 months,B3,w,Individual,Verified,credit_card,RENT,Aug-2003,12000.0,9.8,386.09,39500.0,25.43,9.0,0.0,9332.0,65.7,10.0,0.0,0.0
1, 36 months,A3,w,Individual,Not Verified,credit_card,MORTGAGE,Apr-2004,8000.0,6.99,246.99,80000.0,18.92,17.0,0.0,5387.0,36.2,25.0,2.0,0.0
0, 36 months,B3,w,Individual,Source Verified,debt_consolidation,MORTGAGE,Aug-1996,10000.0,9.8,321.74,92000.0,10.55,8.0,0.0,9560.0,54.6,27.0,5.0,0.0
1, 36 months,C4,w,Individual,Source Verified,debt_consolidation,RENT,Jan-1986,35000.0,13.99,1196.05,100000.0,19.43,12.0,0.0,31610.0,80.6,22.0,5.0,0.0
1, 60 months,A5,w,Individual,Not Verified,debt_consolidation,OWN,Feb-2005,25600.0,7.91,517.98,150000.0,10.88,10.0,0.0,15837.0,31.9,39.0,2.0,0.0
1, 36 months,C1,w,Individual,Not Verified,major_purchase,OWN,Aug-1997,4325.0,11.99,143.64,90000.0,16.96,17.0,1.0,15676.0,37.8,23.0,3.0,1.0
1, 36 months,A3,w,Individual,Not Verified,credit_card,OWN,Apr-1983,6000.0,6.99,185.24,48000.0,33.78,18.0,0.0,7204.0,26.6,30.0,0.0,0.0
0, 60 months,D1,w,Individual,Not Verified,credit_card,RENT,Feb-2004,18200.0,15.77,440.37,65000.0,29.28,27.0,1.0,7411.0,59.8,38.0,2.0,1.0
1, 36 months,A3,w,Individual,Not Verified,credit_card,RENT,Sep-2000,10000.0,6.99,308.73,54000.0,19.38,11.0,0.0,13447.0,65.3,18.0,0.0,0.0
1, 60 months,C3,w,Individual,Source Verified,debt_consolidation,MORTGAGE,May-1989,30000.0,13.44,689.37,81000.0,12.03,12.0,0.0,18471.0,52.5,18.0,2.0,0.0
1, 36 months,A1,w,Individual,Not Verified,home_improvement,MORTGAGE,Jul-1996,13200.0,5.32,397.52,150000.0,15.45,14.0,0.0,42605.0,27.7,30.0,12.0,0.0
1, 36 months,A3,w,Individual,Not Verified,debt_consolidation,RENT,Nov-2003,10000.0,6.99,308.73,220000.0,4.76,8.0,1.0,6666.0,47.6,14.0,2.0,1.0
1, 36 months,B5,w,Individual,Source Verified,debt_consolidation,MORTGAGE,Apr-2004,3000.0,11.48,98.9,75000.0,22.82,13.0,0.0,11907.0,56.4,25.0,2.0,0.0
1, 36 months,B3,w,Individual,Not Verified,debt_consolidation,OWN,Mar-1996,20000.0,9.8,643.47,96000.0,19.04,9.0,0.0,8516.0,37.8,14.0,0.0,0.0
1, 60 months,C1,w,Individual,Source Verified,credit_card,MORTGAGE,Mar-2001,13875.0,11.99,308.58,32500.0,23.53,7.0,0.0,10580.0,81.4,15.0,1.0,0.0
1, 36 months,A2,w,Individual,Verified,debt_consolidation,MORTGAGE,Nov-1994,18000.0,6.49,551.61,76000.0,14.4,20.0,0.0,19182.0,26.9,41.0,4.0,0.0
0, 36 months,B1,w,Individual,Not Verified,debt_consolidation,OWN,May-1999,15225.0,8.49,480.55,40000.0,21.21,12.0,1.0,5278.0,31.0,30.0,0.0,0.0
0, 60 months,B5,w,Individual,Not Verified,debt_consolidation,RENT,Feb-2001,16000.0,11.48,351.73,65000.0,21.16,13.0,1.0,12669.0,53.9,18.0,2.0,1.0
0, 60 months,B3,w,Individual,Not Verified,other,RENT,May-2003,21000.0,9.8,444.13,125000.0,6.2,16.0,0.0,4994.0,3.2,21.0,0.0,0.0
0, 60 months,D2,w,Individual,Verified,debt_consolidation,RENT,Sep-2000,13000.0,16.59,320.23,40000.0,16.74,6.0,0.0,18114.0,100.6,17.0,0.0,0.0
1, 36 months,A5,w,Individual,Not Verified,major_purchase,OWN,Sep-1987,20000.0,7.91,625.9,120000.0,4.99,19.0,0.0,1801.0,2.5,31.0,2.0,0.0
1, 36 months,A4,w,Individual,Source Verified,credit_card,RENT,Apr-1991,31075.0,7.49,966.49,70000.0,17.18,10.0,0.0,31640.0,48.6,28.0,3.0,0.0
1, 36 months,A3,w,Individual,Not Verified,credit_card,OWN,Nov-1983,18000.0,6.99,555.71,120000.0,14.88,7.0,0.0,41266.0,63.5,13.0,3.0,0.0
1, 36 months,B2,w,Individual,Verified,other,MORTGAGE,Oct-1998,5000.0,9.17,159.4,74967.0,33.39,9.0,1.0,8770.0,58.5,35.0,7.0,1.0
1, 36 months,D3,w,Individual,Not Verified,credit_card,MORTGAGE,Nov-1996,4675.0,17.27,167.31,13000.0,34.07,6.0,0.0,3394.0,44.1,23.0,0.0,0.0
1, 36 months,B3,w,Individual,Not Verified,debt_consolidation,MORTGAGE,Mar-2012,6000.0,9.8,193.05,85140.0,14.42,11.0,0.0,11210.0,57.5,12.0,1.0,0.0
1, 60 months,C2,w,Individual,Not Verified,debt_consolidation,MORTGAGE,Apr-2002,12000.0,12.88,272.31,90000.0,12.62,11.0,1.0,8275.0,30.6,30.0,4.0,1.0
1, 60 months,C4,w,Individual,Not Verified,home_improvement,RENT,Aug-2001,13000.0,13.99,302.42,115000.0,9.9,9.0,0.0,16440.0,45.2,21.0,2.0,0.0
1, 36 months,B5,w,Individual,Not Verified,other,RENT,Jan-2002,1800.0,11.48,59.34,50000.0,20.38,9.0,0.0,10140.0,95.7,15.0,0.0,0.0
1, 36 months,D2,w,Individual,Not Verified,credit_card,RENT,Jul-2000,4475.0,16.59,158.64,114000.0,8.36,5.0,1.0,5153.0,44.0,40.0,1.0,1.0
1, 36 months,A2,w,Individual,Not Verified,debt_consolidation,MORTGAGE,Jul-2003,14400.0,6.49,441.29,70000.0,16.32,21.0,0.0,14446.0,74.8,26.0,1.0,0.0
1, 36 months,A5,w,Individual,Not Verified,debt_consolidation,RENT,Nov-2002,5875.0,7.91,183.86,70000.0,9.53,9.0,1.0,5814.0,45.1,18.0,0.0,0.0
1, 36 months,D4,w,Individual,Not Verified,debt_consolidation,MORTGAGE,Apr-1989,20000.0,17.97,722.75,180000.0,25.1,13.0,0.0,59126.0,92.1,30.0,2.0,0.0
1, 36 months,A3,w,Individual,Not Verified,debt_consolidation,MORTGAGE,Jun-2002,10000.0,6.99,308.73,115000.0,23.26,17.0,0.0,25824.0,72.9,39.0,5.0,0.0
1, 60 months,C2,w,Individual,Verified,debt_consolidation,MORTGAGE,Nov-1994,34100.0,12.88,773.79,92892.0,29.14,13.0,0.0,21449.0,65.2,39.0,2.0,0.0
1, 36 months,B5,w,Individual,Verified,credit_card,RENT,Dec-2004,24000.0,11.48,791.2,56457.0,12.37,5.0,0.0,22849.0,86.5,6.0,0.0,0.0
1, 36 months,B4,w,Individual,Not Verified,debt_consolidation,MORTGAGE,Nov-1987,5200.0,10.78,169.71,160000.0,8.0,6.0,0.0,8211.0,39.7,23.0,4.0,0.0
1, 36 months,C1,w,Individual,Source Verified,debt_consolidation,RENT,Dec-2005,16800.0,11.99,557.93,50000.0,5.76,10.0,1.0,6920.0,40.7,30.0,0.0,0.0
1, 36 months,C1,w,Individual,Not Verified,debt_consolidation,RENT,Feb-2008,10000.0,11.99,332.1,40000.0,10.95,4.0,0.0,1252.0,27.2,7.0,0.0,0.0
1, 60 months,D4,w,Individual,Not Verified,debt_consolidation,MORTGAGE,Jul-2000,22000.0,17.97,558.3,55000.0,22.34,10.0,0.0,39840.0,74.3,25.0,1.0,0.0
1, 36 months,A1,w,Individual,Verified,debt_consolidation,MORTGAGE,Oct-1979,28000.0,5.32,843.22,144000.0,29.88,16.0,0.0,82471.0,69.0,29.0,1.0,0.0
1, 36 months,A2,w,Individual,Not Verified,credit_card,MORTGAGE,Sep-2002,7200.0,6.49,220.65,60000.0,20.68,3.0,0.0,4727.0,67.5,22.0,1.0,0.0
1, 36 months,C1,w,Individual,Not Verified,debt_consolidation,RENT,May-2009,18000.0,11.99,597.78,41000.0,38.35,12.0,0.0,18982.0,61.8,20.0,0.0,0.0
1, 36 months,A4,w,Individual,Not Verified,debt_consolidation,OWN,Aug-2007,8400.0,7.49,261.26,30000.0,29.2,9.0,0.0,4008.0,46.0,13.0,0.0,0.0
1, 36 months,C5,w,Individual,Source Verified,credit_card,RENT,Oct-1999,5000.0,14.85,172.96,67000.0,31.08,18.0,0.0,16036.0,57.6,38.0,0.0,0.0
0, 36 months,B3,w,Individual,Not Verified,debt_consolidation,RENT,Jul-2003,5000.0,9.8,160.87,55000.0,10.93,6.0,0.0,6846.0,58.0,11.0,0.0,0.0
0, 36 months,B5,w,Individual,Verified,debt_consolidation,MORTGAGE,Dec-2007,2400.0,11.48,79.12,60000.0,24.14,10.0,0.0,13450.0,62.6,22.0,1.0,0.0
1, 36 months,A1,w,Individual,Not Verified,debt_consolidation,OWN,Apr-1988,15000.0,5.32,451.73,60000.0,21.48,8.0,0.0,12370.0,15.7,16.0,0.0,0.0
1, 36 months,B2,w,Individual,Verified,debt_consolidation,MORTGAGE,Dec-1999,6075.0,9.17,193.67,64400.0,27.37,17.0,0.0,5633.0,17.7,40.0,2.0,0.0
1, 36 months,B4,w,Individual,Verified,debt_consolidation,RENT,Jul-2007,20000.0,10.78,652.7,55000.0,22.58,11.0,0.0,23324.0,62.9,22.0,0.0,0.0
1, 36 months,C5,w,Individual,Verified,debt_consolidation,RENT,Oct-1999,6025.0,14.85,208.42,110000.0,21.32,17.0,1.0,7047.0,38.4,37.0,2.0,1.0
1, 36 months,B2,w,Individual,Source Verified,debt_consolidation,MORTGAGE,Jan-1997,8400.0,9.17,267.79,70000.0,12.96,7.0,0.0,4595.0,60.5,36.0,2.0,0.0
1, 60 months,C2,w,Individual,Not Verified,debt_consolidation,RENT,Aug-1999,15000.0,12.88,340.38,90000.0,21.17,14.0,0.0,18385.0,35.0,29.0,5.0,0.0
1, 36 months,D1,w,Individual,Source Verified,debt_consolidation,MORTGAGE,May-2003,12000.0,15.77,420.53,143000.0,3.61,8.0,0.0,6198.0,30.2,12.0,2.0,0.0
1, 36 months,C2,w,Individual,Not Verified,home_improvement,MORTGAGE,Jul-1996,28800.0,12.88,968.73,60000.0,6.68,9.0,0.0,25166.0,48.0,19.0,0.0,0.0
1, 36 months,A1,w,Individual,Not Verified,debt_consolidation,MORTGAGE,Nov-2001,5000.0,5.32,150.58,60000.0,19.22,7.0,0.0,5832.0,16.9,19.0,2.0,0.0
1, 36 months,C2,w,Individual,Not Verified,home_improvement,MORTGAGE,Jan-2008,5000.0,12.88,168.19,60000.0,30.24,10.0,0.0,11687.0,44.9,31.0,1.0,0.0
1, 60 months,C1,w,Individual,Source Verified,debt_consolidation,MORTGAGE,Jun-1997,31500.0,11.99,700.55,120000.0,10.55,7.0,0.0,9374.0,25.5,20.0,2.0,0.0
1, 60 months,D5,w,Individual,Source Verified,debt_consolidation,RENT,Mar-2000,24000.0,18.49,615.86,165000.0,13.05,13.0,1.0,15347.0,79.1,38.0,2.0,1.0
0, 60 months,C2,w,Individual,Verified,debt_consolidation,MORTGAGE,Feb-1987,20000.0,12.88,453.84,110000.0,23.89,18.0,0.0,28645.0,57.0,33.0,5.0,0.0
1, 60 months,B4,w,Individual,Verified,debt_consolidation,MORTGAGE,Jun-1983,24000.0,10.78,519.19,110000.0,20.82,15.0,0.0,26534.0,34.6,35.0,4.0,0.0
1, 60 months,D3,w,Individual,Not Verified,debt_consolidation,MORTGAGE,Aug-1984,21850.0,17.27,546.21,65000.0,12.74,9.0,0.0,8964.0,97.2,32.0,4.0,0.0
1, 36 months,A2,w,Individual,Not Verified,home_improvement,MORTGAGE,May-1996,9500.0,6.49,291.13,126500.0,8.67,14.0,1.0,5951.0,18.8,47.0,8.0,1.0
1, 36 months,B1,w,Individual,Not Verified,debt_consolidation,MORTGAGE,Sep-1995,20000.0,8.49,631.26,98000.0,16.7,11.0,0.0,16876.0,71.8,30.0,5.0,0.0
0, 60 months,D2,w,Individual,Source Verified,home_improvement,MORTGAGE,Jan-1996,20000.0,16.59,492.66,135000.0,26.92,18.0,0.0,49831.0,78.0,30.0,1.0,0.0
1, 60 months,C2,w,Individual,Not Verified,credit_card,RENT,Oct-1995,20000.0,12.88,453.84,65000.0,16.93,16.0,0.0,17336.0,24.1,41.0,0.0,0.0
1, 36 months,A3,w,Individual,Not Verified,credit_card,MORTGAGE,Jan-2001,12000.0,6.99,370.48,50000.0,20.12,13.0,0.0,12242.0,28.9,21.0,1.0,0.0
1, 36 months,C2,w,Individual,Source Verified,debt_consolidation,MORTGAGE,Dec-2003,10000.0,12.88,336.37,65000.0,14.73,11.0,1.0,8358.0,48.3,22.0,1.0,1.0
1, 60 months,B3,w,Individual,Not Verified,debt_consolidation,MORTGAGE,Apr-1980,12000.0,9.8,253.79,36500.0,18.91,10.0,0.0,5940.0,26.5,24.0,2.0,0.0
1, 60 months,A5,w,Individual,Not Verified,debt_consolidation,MORTGAGE,Aug-2003,12000.0,7.91,242.81,75000.0,6.4,4.0,0.0,6873.0,59.8,10.0,2.0,0.0
1, 36 months,D1,w,Individual,Not Verified,debt_consolidation,RENT,Mar-2002,6425.0,15.77,225.16,41000.0,2.87,4.0,1.0,476.0,7.0,13.0,0.0,1.0
1, 36 months,D4,w,Individual,Not Verified,debt_consolidation,RENT,Sep-2004,12700.0,17.97,458.95,32760.0,34.32,21.0,0.0,11472.0,38.1,30.0,0.0,0.0
1, 36 months,C4,w,Individual,Source Verified,credit_card,OWN,Jul-1984,35000.0,13.99,1196.05,121000.0,9.23,27.0,1.0,21876.0,34.8,87.0,0.0,1.0
0, 36 months,C4,w,Individual,Source Verified,credit_card,OWN,Apr-2011,15000.0,13.99,512.6,48000.0,31.29,6.0,0.0,3044.0,41.7,11.0,0.0,0.0
1, 60 months,D2,w,Individual,Not Verified,debt_consolidation,RENT,May-2002,20550.0,16.59,506.21,60000.0,26.38,12.0,0.0,34612.0,39.7,20.0,4.0,0.0
1, 36 months,A3,w,Individual,Source Verified,home_improvement,MORTGAGE,Nov-1984,25000.0,6.99,771.82,127000.0,25.48,10.0,0.0,18828.0,39.1,26.0,3.0,0.0
1, 60 months,E2,f,Individual,Source Verified,debt_consolidation,RENT,Jan-2007,14000.0,19.48,366.88,115000.0,13.36,7.0,0.0,4916.0,48.2,11.0,0.0,0.0
0, 60 months,E5,w,Individual,Verified,major_purchase,RENT,Feb-1998,16925.0,21.48,462.46,47000.0,22.09,10.0,1.0,6022.0,42.0,27.0,3.0,1.0
1, 36 months,C3,w,Individual,Verified,debt_consolidation,RENT,Jun-2007,4700.0,13.44,159.36,22000.0,17.64,12.0,0.0,4192.0,26.7,19.0,0.0,0.0
1, 36 months,B1,w,Individual,Not Verified,debt_consolidation,OWN,Jul-1987,5000.0,8.49,157.82,25000.0,13.63,17.0,1.0,7259.0,20.1,24.0,0.0,1.0
1, 36 months,C5,w,Individual,Source Verified,debt_consolidation,MORTGAGE,Mar-2003,12000.0,14.85,415.11,92500.0,17.66,12.0,3.0,291.0,2.4,19.0,2.0,1.0
1, 36 months,B3,w,Individual,Source Verified,debt_consolidation,RENT,Sep-2006,12000.0,9.8,386.09,55000.0,12.61,9.0,0.0,5116.0,63.2,13.0,0.0,0.0
1, 36 months,A3,w,Individual,Source Verified,debt_consolidation,MORTGAGE,Jun-1992,15000.0,6.99,463.09,117000.0,4.66,4.0,0.0,2976.0,20.4,13.0,1.0,0.0
1, 36 months,C3,w,Individual,Not Verified,debt_consolidation,MORTGAGE,Jan-1988,4900.0,13.44,166.15,123000.0,25.6,8.0,0.0,4792.0,64.8,16.0,2.0,0.0
1, 36 months,A4,w,Individual,Source Verified,credit_card,MORTGAGE,Jan-2001,18000.0,7.49,559.83,70000.0,16.82,10.0,0.0,19100.0,87.2,31.0,4.0,0.0
0, 60 months,C5,w,Individual,Source Verified,debt_consolidation,RENT,Jun-1999,18000.0,14.85,426.81,48000.0,19.76,15.0,1.0,3862.0,30.9,40.0,0.0,1.0
0, 36 months,D3,w,Individual,Not Verified,debt_consolidation,MORTGAGE,Nov-2004,25000.0,17.27,894.69,120000.0,21.33,17.0,1.0,35492.0,74.2,26.0,2.0,1.0
1, 36 months,C2,w,Individual,Not Verified,debt_consolidation,MORTGAGE,Aug-2004,15000.0,12.88,504.55,50000.0,13.92,12.0,0.0,14435.0,40.1,34.0,4.0,0.0
1, 36 months,B5,w,Individual,Source Verified,car,MORTGAGE,Dec-2005,3600.0,11.48,118.68,97000.0,18.93,16.0,1.0,7696.0,59.7,30.0,2.0,1.0
1, 36 months,B1,w,Individual,Verified,other,MORTGAGE,Oct-2007,33000.0,8.49,1041.58,92250.0,20.68,8.0,0.0,12502.0,36.6,18.0,4.0,0.0
1, 60 months,E1,w,Individual,Verified,debt_consolidation,MORTGAGE,Jul-2005,14950.0,18.99,387.73,68000.0,31.36,11.0,1.0,5549.0,57.0,40.0,2.0,1.0
1, 36 months,C2,w,Individual,Not Verified,debt_consolidation,MORTGAGE,Feb-1995,15000.0,12.88,504.55,154000.0,35.77,20.0,0.0,19565.0,47.0,58.0,5.0,0.0
1, 36 months,D2,w,Individual,Verified,debt_consolidation,MORTGAGE,Aug-1995,7000.0,16.59,248.15,30100.0,25.68,13.0,0.0,13663.0,64.8,30.0,5.0,0.0
1, 36 months,C2,w,Individual,Source Verified,debt_consolidation,RENT,Jul-1998,35000.0,12.88,1177.27,98000.0,18.93,11.0,0.0,40023.0,40.4,24.0,1.0,0.0
1, 36 months,B1,w,Individual,Not Verified,credit_card,MORTGAGE,Dec-1977,8000.0,8.49,252.51,58000.0,5.9,11.0,0.0,42741.0,30.1,42.0,6.0,0.0
0, 36 months,C1,w,Individual,Not Verified,credit_card,MORTGAGE,Oct-1999,20000.0,11.99,664.2,40000.0,22.84,18.0,0.0,13519.0,22.6,65.0,0.0,0.0
1, 60 months,E3,w,Individual,Source Verified,debt_consolidation,MORTGAGE,Oct-2003,14375.0,19.89,379.98,80000.0,37.32,15.0,0.0,27510.0,62.1,39.0,1.0,0.0
1, 36 months,B2,w,Individual,Not Verified,debt_consolidation,MORTGAGE,Dec-2003,21000.0,9.17,669.46,85000.0,10.51,16.0,0.0,22910.0,41.6,30.0,3.0,0.0
1, 36 months,C2,w,Individual,Source Verified,debt_consolidation,OWN,Feb-1997,3700.0,12.88,124.46,65000.0,20.81,17.0,0.0,3971.0,8.1,34.0,0.0,0.0
0, 36 months,B2,w,Individual,Not Verified,credit_card,RENT,Aug-2003,8400.0,9.17,267.79,85000.0,26.77,23.0,2.0,14877.0,45.9,34.0,0.0,1.0
1, 36 months,B5,w,Individual,Not Verified,debt_consolidation,RENT,Aug-1999,7200.0,11.48,237.36,22000.0,23.57,10.0,0.0,1335.0,8.6,10.0,0.0,0.0
1, 36 months,B1,w,Individual,Not Verified,debt_consolidation,MORTGAGE,Nov-1994,16800.0,8.49,530.26,85400.0,17.27,10.0,0.0,10223.0,43.5,21.0,2.0,0.0
1, 36 months,A1,w,Individual,Not Verified,major_purchase,MORTGAGE,Feb-1987,9000.0,5.32,271.04,150000.0,0.63,4.0,0.0,4842.0,7.0,30.0,7.0,0.0
1, 36 months,C4,f,Individual,Verified,home_improvement,MORTGAGE,Feb-2005,6000.0,13.99,205.04,43700.0,31.87,20.0,0.0,2773.0,10.3,33.0,1.0,0.0
1, 36 months,B4,w,Individual,Verified,debt_consolidation,RENT,Sep-1995,34000.0,10.78,1109.58,76497.0,13.32,4.0,0.0,34886.0,96.9,7.0,0.0,0.0
0, 36 months,C2,w,Individual,Source Verified,debt_consolidation,MORTGAGE,Nov-2003,16000.0,12.88,538.18,91000.0,11.78,14.0,0.0,9290.0,40.7,36.0,4.0,0.0
1, 36 months,B1,w,Individual,Not Verified,debt_consolidation,MORTGAGE,Dec-1996,11200.0,8.49,353.51,70000.0,15.88,9.0,0.0,21478.0,40.8,28.0,3.0,0.0
1, 36 months,A5,w,Individual,Not Verified,debt_consolidation,MORTGAGE,Mar-1980,6000.0,7.91,187.77,50000.0,19.42,8.0,0.0,5049.0,24.0,20.0,2.0,0.0
1, 36 months,A2,w,Individual,Not Verified,credit_card,RENT,Sep-2006,9100.0,6.49,278.87,84000.0,15.57,12.0,0.0,8610.0,21.7,33.0,0.0,0.0
1, 36 months,A3,w,Individual,Not Verified,other,MORTGAGE,Jun-1995,10000.0,6.99,308.73,60000.0,29.15,18.0,0.0,7056.0,32.7,45.0,4.0,0.0
0, 60 months,G2,w,Individual,Verified,other,MORTGAGE,Oct-2001,30000.0,27.49,924.87,115000.0,17.73,14.0,0.0,50634.0,58.7,20.0,4.0,0.0
1, 36 months,C1,w,Individual,Not Verified,debt_consolidation,RENT,Jan-2003,8450.0,11.99,280.63,37380.0,15.09,6.0,1.0,3855.0,37.0,14.0,2.0,1.0
1, 36 months,F1,w,Individual,Source Verified,credit_card,RENT,Sep-2006,8775.0,22.45,337.17,75000.0,20.37,14.0,1.0,7613.0,33.4,44.0,0.0,0.0
1, 36 months,A1,w,Individual,Source Verified,debt_consolidation,MORTGAGE,Apr-1985,6000.0,5.32,180.69,72000.0,17.08,11.0,0.0,23785.0,87.8,22.0,5.0,0.0
1, 36 months,A1,w,Individual,Source Verified,debt_consolidation,MORTGAGE,Oct-2003,10000.0,5.32,301.15,75000.0,5.17,10.0,0.0,13435.0,20.4,30.0,3.0,0.0
0, 36 months,D1,w,Individual,Verified,debt_consolidation,RENT,Dec-2002,10000.0,15.77,350.44,128000.0,36.23,18.0,0.0,23125.0,67.4,29.0,0.0,0.0
1, 36 months,D3,w,Individual,Verified,debt_consolidation,RENT,May-2001,7200.0,17.27,257.67,22000.0,38.63,10.0,0.0,20086.0,60.9,13.0,0.0,0.0
1, 60 months,C5,w,Individual,Not Verified,debt_consolidation,OWN,Apr-1992,20000.0,14.85,474.23,75000.0,18.76,16.0,0.0,59351.0,89.0,36.0,5.0,0.0
0, 36 months,B2,w,Individual,Source Verified,debt_consolidation,RENT,Dec-1997,20000.0,9.17,637.58,95750.0,19.14,11.0,0.0,5248.0,27.9,22.0,0.0,0.0
1, 36 months,A1,w,Individual,Not Verified,debt_consolidation,MORTGAGE,Nov-1998,5000.0,5.32,150.58,130000.0,10.44,9.0,0.0,16709.0,25.1,27.0,4.0,0.0
0, 60 months,B3,w,Individual,Not Verified,debt_consolidation,MORTGAGE,Jul-2000,15000.0,9.8,317.24,35179.0,23.47,19.0,0.0,12706.0,45.4,40.0,1.0,0.0
0, 36 months,D4,w,Individual,Verified,credit_card,RENT,Feb-1996,23950.0,17.97,865.49,160000.0,18.41,14.0,1.0,13883.0,59.0,46.0,7.0,1.0
1, 36 months,B4,w,Individual,Not Verified,debt_consolidation,MORTGAGE,Aug-1998,15000.0,10.78,489.52,160000.0,24.79,13.0,0.0,38681.0,78.8,30.0,5.0,0.0
1, 36 months,B1,w,Individual,Source Verified,credit_card,MORTGAGE,Aug-2008,2250.0,8.49,71.02,60000.0,16.88,13.0,1.0,1725.0,59.5,23.0,1.0,0.0
1, 36 months,C3,w,Individual,Not Verified,debt_consolidation,MORTGAGE,Sep-1991,14000.0,13.44,474.69,40000.0,37.39,14.0,0.0,16328.0,63.8,20.0,2.0,0.0
0, 36 months,C2,w,Individual,Source Verified,debt_consolidation,RENT,Dec-2004,14000.0,12.88,470.91,80000.0,5.04,11.0,0.0,7002.0,37.8,18.0,0.0,0.0
1, 36 months,A4,w,Individual,Source Verified,debt_consolidation,MORTGAGE,Nov-1988,18000.0,7.49,559.83,83000.0,7.93,17.0,0.0,13186.0,24.1,28.0,6.0,0.0
1, 36 months,A1,w,Individual,Not Verified,other,MORTGAGE,Jul-1996,12000.0,5.32,361.38,72500.0,2.71,10.0,0.0,7804.0,26.9,19.0,2.0,0.0
1, 36 months,B4,w,Individual,Source Verified,credit_card,OWN,Dec-2004,5600.0,10.78,182.76,46000.0,13.18,7.0,0.0,8773.0,84.4,14.0,1.0,0.0
1, 36 months,D2,w,Individual,Verified,debt_consolidation,RENT,May-1982,35000.0,16.59,1240.72,83000.0,25.52,16.0,0.0,35575.0,78.4,33.0,0.0,0.0
0, 36 months,C2,w,Individual,Source Verified,other,RENT,Mar-2003,8000.0,12.88,269.09,43500.0,22.48,11.0,1.0,2015.0,22.1,16.0,0.0,1.0
1, 36 months,C3,w,Individual,Source Verified,debt_consolidation,RENT,Nov-2011,2400.0,13.44,81.38,26000.0,16.39,7.0,0.0,1869.0,35.3,8.0,0.0,0.0
1, 36 months,D3,w,Individual,Source Verified,debt_consolidation,MORTGAGE,Nov-1984,35000.0,17.27,1252.56,98000.0,19.74,18.0,0.0,13676.0,47.8,43.0,6.0,0.0
1, 36 months,C2,w,Individual,Source Verified,other,OWN,May-1988,7000.0,12.88,235.46,55000.0,37.22,4.0,0.0,34441.0,0.0,6.0,0.0,0.0
1, 36 months,C1,w,Individual,Verified,debt_consolidation,OWN,Nov-2006,8000.0,11.99,265.68,23200.0,33.78,12.0,0.0,13545.0,40.8,22.0,0.0,0.0
1, 36 months,D3,w,Individual,Source Verified,debt_consolidation,RENT,Sep-1993,6125.0,17.27,219.2,70000.0,17.36,9.0,1.0,2275.0,27.1,11.0,1.0,0.0
0, 36 months,C3,w,Individual,Verified,debt_consolidation,MORTGAGE,Mar-1991,10400.0,13.44,352.63,150000.0,18.51,23.0,0.0,29336.0,66.7,44.0,2.0,0.0
1, 36 months,A5,w,Individual,Not Verified,debt_consolidation,MORTGAGE,Jun-1987,30000.0,7.91,938.85,134000.0,17.1,12.0,0.0,11694.0,42.4,49.0,3.0,0.0
1, 36 months,C5,w,Individual,Not Verified,debt_consolidation,MORTGAGE,Jul-1994,4000.0,14.85,138.37,30000.0,8.18,11.0,1.0,5339.0,20.1,22.0,0.0,1.0
1, 36 months,B4,w,Individual,Not Verified,debt_consolidation,MORTGAGE,Jun-1998,10000.0,10.78,326.35,125000.0,19.92,19.0,0.0,13001.0,24.0,38.0,4.0,0.0
1, 36 months,A5,w,Individual,Not Verified,debt_consolidation,MORTGAGE,Aug-2004,16000.0,7.91,500.72,50000.0,24.41,9.0,0.0,12638.0,64.8,22.0,2.0,0.0
0, 60 months,D3,w,Individual,Not Verified,home_improvement,MORTGAGE,Jan-1991,24000.0,17.27,599.96,67000.0,29.07,12.0,1.0,5727.0,62.9,32.0,3.0,0.0
0, 60 months,G1,w,Individual,Verified,debt_consolidation,MORTGAGE,Apr-1990,19225.0,26.99,586.93,56600.0,18.21,8.0,1.0,7055.0,44.7,22.0,0.0,0.0
0, 60 months,C2,w,Individual,Not Verified,home_improvement,MORTGAGE,Jan-2003,13000.0,12.88,295.0,130000.0,5.51,11.0,0.0,6739.0,29.4,32.0,1.0,0.0
1, 36 months,A2,w,Individual,Not Verified,credit_card,OWN,Jul-2005,2000.0,6.49,61.29,35037.0,8.51,9.0,0.0,2113.0,11.0,14.0,2.0,0.0
1, 36 months,A1,w,Individual,Source Verified,debt_consolidation,MORTGAGE,Dec-2001,19200.0,5.32,578.21,50000.0,19.24,4.0,1.0,10848.0,82.2,11.0,0.0,0.0
1, 60 months,C3,f,Individual,Source Verified,debt_consolidation,RENT,Mar-2005,10000.0,13.44,229.79,140000.0,9.99,12.0,1.0,9190.0,42.7,24.0,1.0,1.0
1, 36 months,A5,w,Individual,Source Verified,debt_consolidation,MORTGAGE,Mar-1997,35000.0,7.91,1095.33,165000.0,18.89,21.0,1.0,53593.0,50.0,34.0,0.0,0.0
1, 36 months,C2,w,Individual,Not Verified,debt_consolidation,MORTGAGE,May-2000,15000.0,12.88,504.55,60000.0,36.4,9.0,1.0,5576.0,62.0,42.0,8.0,1.0
1, 36 months,D1,w,Individual,Source Verified,debt_consolidation,RENT,Nov-1994,35000.0,15.77,1226.53,84468.0,16.85,13.0,0.0,23127.0,55.9,35.0,1.0,0.0
1, 36 months,B1,w,Individual,Source Verified,credit_card,RENT,Aug-2005,18000.0,8.49,568.14,55000.0,27.17,14.0,0.0,22088.0,71.7,24.0,0.0,0.0
0, 36 months,B3,w,Individual,Not Verified,debt_consolidation,RENT,Aug-2010,8000.0,9.8,257.39,40000.0,25.15,19.0,1.0,11247.0,35.3,25.0,0.0,0.0
1, 60 months,C2,w,Individual,Not Verified,debt_consolidation,OWN,Nov-1984,15000.0,12.88,340.38,50000.0,30.08,9.0,0.0,75205.0,9.5,11.0,0.0,0.0
1, 60 months,B1,w,Individual,Source Verified,debt_consolidation,MORTGAGE,Nov-1999,17400.0,8.49,356.91,175000.0,7.04,6.0,0.0,3048.0,32.1,18.0,5.0,0.0
1, 36 months,C1,w,Individual,Verified,credit_card,MORTGAGE,Dec-2002,35000.0,11.99,1162.34,156000.0,14.98,11.0,0.0,39669.0,88.5,22.0,4.0,0.0
1, 36 months,B2,w,Individual,Source Verified,debt_consolidation,RENT,Aug-2010,12000.0,9.17,382.55,100000.0,12.13,11.0,0.0,1435.0,6.1,17.0,0.0,0.0
1, 36 months,B2,w,Individual,Verified,debt_consolidation,RENT,May-1994,24000.0,9.17,765.1,66000.0,23.98,26.0,1.0,11718.0,61.7,41.0,2.0,0.0
1, 36 months,A5,w,Individual,Verified,home_improvement,OWN,Mar-1998,8000.0,7.91,250.36,66500.0,29.22,10.0,0.0,15224.0,40.7,13.0,1.0,0.0
1, 60 months,E3,w,Individual,Verified,debt_consolidation,MORTGAGE,Dec-1998,16775.0,19.89,443.41,74000.0,29.91,16.0,1.0,9911.0,35.0,29.0,7.0,1.0
1, 36 months,B1,w,Individual,Not Verified,credit_card,MORTGAGE,Jun-2001,8000.0,8.49,252.51,48000.0,15.15,4.0,0.0,7764.0,86.0,24.0,2.0,0.0
1, 36 months,B4,w,Individual,Not Verified,debt_consolidation,MORTGAGE,May-1994,21000.0,10.78,685.33,100000.0,29.75,24.0,0.0,45269.0,31.3,48.0,5.0,0.0
1, 36 months,C2,w,Individual,Source Verified,credit_card,MORTGAGE,Aug-1985,10000.0,12.88,336.37,113000.0,21.59,12.0,0.0,20061.0,76.0,27.0,3.0,0.0
1, 36 months,A5,w,Individual,Not Verified,debt_consolidation,MORTGAGE,Aug-2000,6000.0,7.91,187.77,81120.0,18.45,10.0,1.0,6151.0,34.9,22.0,2.0,1.0
1, 36 months,D5,w,Individual,Verified,debt_consolidation,MORTGAGE,Nov-2007,6000.0,18.49,218.4,54744.0,23.96,7.0,0.0,1373.0,34.3,26.0,3.0,0.0
1, 36 months,B5,w,Individual,Source Verified,credit_card,RENT,Oct-2007,8400.0,11.48,276.92,80000.0,13.92,12.0,0.0,6597.0,29.1,61.0,0.0,0.0
1, 60 months,C2,w,Individual,Not Verified,credit_card,RENT,Jul-1989,10000.0,12.88,226.92,33000.0,23.23,8.0,0.0,13034.0,48.8,18.0,0.0,0.0
1, 36 months,B2,w,Individual,Not Verified,credit_card,OWN,Sep-1988,6000.0,9.17,191.28,72000.0,2.8,9.0,1.0,4752.0,9.8,24.0,0.0,1.0
1, 36 months,B1,w,Individual,Source Verified,credit_card,RENT,Jun-1999,20000.0,8.49,631.26,70000.0,12.51,3.0,0.0,32224.0,62.2,4.0,0.0,0.0
1, 36 months,C1,w,Individual,Verified,credit_card,RENT,Mar-2003,4600.0,11.99,152.77,14688.0,14.79,10.0,1.0,3810.0,31.5,26.0,2.0,1.0
1, 36 months,D3,w,Individual,Not Verified,other,MORTGAGE,Mar-2003,20000.0,17.27,715.75,50000.0,33.75,11.0,0.0,4354.0,58.1,26.0,4.0,0.0
1, 36 months,B2,w,Individual,Not Verified,credit_card,RENT,Oct-2001,15000.0,9.17,478.19,48112.0,31.62,12.0,0.0,21070.0,58.0,23.0,0.0,0.0
1, 36 months,C2,w,Individual,Not Verified,debt_consolidation,MORTGAGE,Sep-2007,12000.0,12.88,403.64,40000.0,23.98,13.0,0.0,8700.0,48.1,22.0,2.0,0.0
1, 36 months,B4,w,Individual,Source Verified,debt_consolidation,OWN,Dec-1996,5000.0,10.78,163.18,75000.0,16.7,13.0,0.0,22869.0,60.5,53.0,1.0,0.0
1, 36 months,B4,w,Individual,Source Verified,debt_consolidation,MORTGAGE,Jun-2003,6000.0,10.78,195.81,57000.0,18.34,12.0,0.0,10706.0,21.1,23.0,1.0,0.0
1, 36 months,A1,w,Individual,Source Verified,debt_consolidation,RENT,Mar-2007,6000.0,5.32,180.69,43000.0,20.37,8.0,0.0,4929.0,24.5,11.0,0.0,0.0
0, 60 months,E4,w,Individual,Source Verified,debt_consolidation,RENT,Oct-1999,28000.0,20.5,749.65,84000.0,37.26,22.0,0.0,71192.0,48.5,52.0,0.0,0.0
1, 36 months,A1,w,Individual,Not Verified,credit_card,OWN,Oct-1985,15000.0,5.32,451.73,81000.0,16.95,14.0,0.0,37068.0,9.4,26.0,1.0,0.0
1, 36 months,B1,w,Individual,Verified,other,MORTGAGE,Nov-1999,10500.0,8.49,331.42,168400.0,27.58,18.0,0.0,43536.0,61.5,36.0,5.0,0.0
1, 36 months,C3,w,Individual,Source Verified,debt_consolidation,MORTGAGE,Dec-2011,10000.0,13.44,339.07,34000.0,11.19,17.0,0.0,8425.0,15.1,21.0,1.0,0.0
1, 36 months,A4,w,Individual,Not Verified,debt_consolidation,MORTGAGE,Mar-2004,3600.0,7.49,111.97,62000.0,22.42,21.0,0.0,3886.0,19.6,43.0,1.0,0.0
1, 36 months,B5,w,Individual,Not Verified,other,MORTGAGE,Apr-1999,10000.0,11.48,329.67,72000.0,26.9,13.0,0.0,16758.0,61.4,26.0,3.0,0.0
1, 36 months,B1,w,Individual,Source Verified,credit_card,RENT,Oct-2001,30000.0,8.49,946.89,115000.0,13.54,23.0,0.0,22022.0,46.2,44.0,5.0,0.0
1, 36 months,C1,w,Individual,Source Verified,debt_consolidation,RENT,Nov-1999,8000.0,11.99,265.68,35000.0,10.12,10.0,0.0,6352.0,26.9,23.0,0.0,0.0
0, 60 months,D2,w,Individual,Not Verified,debt_consolidation,MORTGAGE,Sep-2002,15000.0,16.59,369.49,55000.0,10.17,13.0,0.0,9419.0,54.4,22.0,0.0,0.0
1, 36 months,B1,w,Individual,Verified,debt_consolidation,MORTGAGE,Nov-2007,21600.0,8.49,681.76,60000.0,17.42,10.0,0.0,11037.0,67.7,22.0,1.0,0.0
1, 36 months,B2,w,Individual,Source Verified,credit_card,MORTGAGE,Apr-1990,12000.0,9.17,382.55,105000.0,16.86,12.0,0.0,11143.0,34.1,29.0,4.0,0.0
1, 36 months,A5,w,Individual,Source Verified,credit_card,MORTGAGE,Feb-1979,28000.0,7.91,876.26,102000.0,21.05,24.0,0.0,55427.0,39.9,48.0,3.0,0.0
1, 36 months,B5,w,Individual,Verified,credit_card,RENT,Jun-2003,6400.0,11.48,210.99,33000.0,15.6,9.0,1.0,5707.0,56.5,18.0,1.0,1.0
1, 36 months,B2,w,Individual,Source Verified,car,RENT,Feb-1990,15000.0,9.17,478.19,48000.0,12.2,10.0,1.0,8588.0,60.1,11.0,0.0,1.0
1, 36 months,A5,w,Individual,Not Verified,credit_card,RENT,Jul-2009,13000.0,7.91,406.84,70000.0,26.32,10.0,0.0,13025.0,40.6,27.0,0.0,0.0
1, 36 months,C3,f,Individual,Not Verified,credit_card,RENT,Aug-2003,10000.0,13.44,339.07,80000.0,15.56,9.0,1.0,8297.0,57.0,24.0,3.0,1.0
1, 36 months,A5,w,Individual,Source Verified,debt_consolidation,MORTGAGE,Jul-1992,24800.0,7.91,776.12,95000.0,14.76,14.0,0.0,29719.0,34.3,24.0,4.0,0.0
0, 60 months,B4,w,Individual,Not Verified,other,OWN,May-1999,12000.0,10.78,259.6,56000.0,25.98,7.0,1.0,3114.0,28.6,15.0,0.0,1.0
1, 36 months,C1,w,Joint App,Source Verified,debt_consolidation,MORTGAGE,Aug-2004,15000.0,11.99,498.15,65000.0,17.56,9.0,0.0,13028.0,88.3,16.0,1.0,0.0
1, 36 months,A1,w,Individual,Not Verified,credit_card,MORTGAGE,Sep-2004,24000.0,5.32,722.76,120000.0,15.82,13.0,0.0,42613.0,35.4,31.0,1.0,0.0
1, 36 months,C3,w,Individual,Verified,debt_consolidation,OWN,Sep-1995,2000.0,13.44,67.82,75600.0,10.17,5.0,0.0,15568.0,92.7,19.0,4.0,0.0
1, 36 months,D1,w,Individual,Not Verified,debt_consolidation,MORTGAGE,Sep-2004,22600.0,15.77,791.99,53867.0,25.31,33.0,0.0,23959.0,53.5,46.0,0.0,0.0
0, 36 months,F2,w,Individual,Source Verified,debt_consolidation,RENT,Mar-2002,13500.0,23.13,523.5,50000.0,25.3,17.0,1.0,10292.0,23.0,21.0,0.0,1.0
0, 36 months,B4,w,Individual,Not Verified,car,MORTGAGE,Nov-1987,6000.0,10.78,195.81,66000.0,19.96,11.0,0.0,3731.0,23.9,28.0,1.0,0.0
1, 36 months,A2,f,Individual,Not Verified,debt_consolidation,OWN,Sep-2007,5000.0,6.49,153.23,55000.0,29.15,9.0,1.0,11449.0,42.2,15.0,0.0,1.0
1, 36 months,A4,w,Individual,Not Verified,credit_card,MORTGAGE,Jul-1999,20000.0,7.49,622.04,100000.0,12.18,9.0,0.0,44737.0,46.8,18.0,2.0,0.0
1, 36 months,B3,w,Individual,Source Verified,debt_consolidation,MORTGAGE,Jan-1994,12000.0,9.8,386.09,103000.0,18.54,11.0,0.0,20218.0,74.9,50.0,2.0,0.0
1, 36 months,B5,w,Individual,Verified,credit_card,MORTGAGE,Feb-1998,32000.0,11.48,1054.93,107000.0,19.13,12.0,0.0,95821.0,89.0,27.0,8.0,0.0
0, 60 months,C4,w,Individual,Verified,debt_consolidation,OWN,Nov-2005,15200.0,13.99,353.6,69998.0,14.52,7.0,1.0,19434.0,85.6,15.0,1.0,0.0
1, 60 months,C1,w,Individual,Not Verified,debt_consolidation,MORTGAGE,Apr-2006,12500.0,11.99,278.0,60000.0,16.98,5.0,0.0,8619.0,69.0,8.0,1.0,0.0
1, 36 months,B4,w,Individual,Not Verified,debt_consolidation,MORTGAGE,Jul-2003,21000.0,10.78,685.33,81000.0,17.19,12.0,0.0,14360.0,45.6,39.0,2.0,0.0
1, 36 months,B1,w,Individual,Not Verified,credit_card,RENT,Apr-2006,16000.0,8.49,505.01,35000.0,24.49,10.0,1.0,12989.0,50.9,13.0,0.0,1.0
1, 36 months,B5,w,Individual,Verified,debt_consolidation,MORTGAGE,Apr-1988,24650.0,11.48,812.63,100000.0,22.64,11.0,0.0,31110.0,56.0,24.0,5.0,0.0
1, 36 months,A5,w,Individual,Not Verified,debt_consolidation,MORTGAGE,Mar-2004,11000.0,7.91,344.25,77000.0,28.73,11.0,0.0,10919.0,60.3,25.0,3.0,0.0
1, 60 months,C5,w,Individual,Verified,credit_card,RENT,Jan-2003,22400.0,14.85,531.14,70000.0,18.69,10.0,0.0,15292.0,69.8,20.0,0.0,0.0
0, 60 months,D5,w,Individual,Verified,debt_consolidation,MORTGAGE,Apr-2012,15125.0,18.49,388.12,61000.0,25.38,16.0,0.0,19934.0,47.0,18.0,1.0,0.0
1, 36 months,A5,w,Individual,Not Verified,debt_consolidation,MORTGAGE,Jun-1991,8000.0,7.91,250.36,63800.0,23.76,11.0,0.0,5025.0,32.2,35.0,2.0,0.0
1, 36 months,B2,w,Individual,Source Verified,major_purchase,RENT,Feb-2004,8000.0,9.17,255.04,52000.0,11.86,4.0,0.0,4715.0,26.2,16.0,2.0,0.0
1, 36 months,C5,w,Individual,Source Verified,home_improvement,RENT,Jan-2011,11000.0,14.85,380.52,42240.0,19.18,13.0,0.0,4903.0,26.1,16.0,0.0,0.0
1, 60 months,E1,w,Individual,Source Verified,debt_consolidation,MORTGAGE,Sep-2001,28500.0,18.99,739.15,70000.0,29.37,16.0,0.0,21710.0,77.0,29.0,0.0,0.0
1, 36 months,A2,w,Individual,Not Verified,credit_card,OWN,Dec-1986,25000.0,6.49,766.12,120000.0,21.3,17.0,0.0,29581.0,28.0,33.0,1.0,0.0
1, 36 months,B2,w,Individual,Not Verified,moving,RENT,Nov-2007,7000.0,9.17,223.16,70000.0,16.1,13.0,0.0,2978.0,47.0,20.0,0.0,0.0
1, 36 months,B3,w,Individual,Source Verified,debt_consolidation,MORTGAGE,Sep-2000,12000.0,9.8,386.09,100000.0,12.07,10.0,0.0,24801.0,65.4,44.0,0.0,0.0
1, 36 months,D1,w,Individual,Verified,debt_consolidation,RENT,Oct-2005,5875.0,15.77,205.89,56000.0,25.65,5.0,0.0,928.0,38.7,11.0,0.0,0.0
1, 60 months,D5,w,Individual,Source Verified,debt_consolidation,RENT,Mar-2000,18000.0,18.49,461.9,145000.0,15.54,26.0,0.0,36333.0,47.9,49.0,5.0,0.0
1, 36 months,A5,w,Individual,Not Verified,home_improvement,MORTGAGE,Sep-1991,28000.0,7.91,876.26,160000.0,23.69,16.0,0.0,158563.0,75.2,31.0,6.0,0.0
1, 60 months,B3,w,Individual,Source Verified,moving,RENT,Mar-1973,35000.0,9.8,740.21,205000.0,5.71,10.0,0.0,13356.0,22.8,44.0,2.0,0.0
1, 60 months,D2,w,Individual,Source Verified,debt_consolidation,MORTGAGE,Oct-2003,31800.0,16.59,783.32,65000.0,24.15,12.0,0.0,17044.0,17.7,23.0,7.0,0.0
1, 60 months,D4,w,Individual,Not Verified,debt_consolidation,MORTGAGE,Feb-1988,25000.0,17.97,634.43,105000.0,22.57,10.0,1.0,5787.0,31.3,41.0,4.0,1.0
1, 36 months,D3,w,Individual,Verified,debt_consolidation,RENT,Jun-2002,16000.0,17.27,572.6,54000.0,20.73,10.0,0.0,4280.0,27.8,16.0,0.0,0.0
1, 60 months,D2,w,Individual,Source Verified,credit_card,MORTGAGE,Sep-2008,35000.0,16.59,862.15,139000.0,14.95,10.0,0.0,24127.0,77.8,28.0,5.0,0.0
0, 36 months,A5,w,Individual,Not Verified,credit_card,OWN,Jun-2008,18000.0,7.91,563.31,60000.0,11.52,12.0,0.0,16649.0,50.3,18.0,1.0,0.0
1, 36 months,A4,w,Individual,Source Verified,debt_consolidation,MORTGAGE,Feb-2003,10000.0,7.49,311.02,55500.0,15.05,8.0,0.0,13908.0,41.5,16.0,2.0,0.0
1, 36 months,C5,w,Individual,Verified,credit_card,RENT,Jul-2001,8000.0,14.85,276.74,53040.0,20.54,12.0,1.0,8195.0,63.0,35.0,0.0,1.0
1, 36 months,A1,w,Individual,Not Verified,debt_consolidation,MORTGAGE,Jul-1968,15000.0,5.32,451.73,75000.0,8.75,11.0,0.0,6138.0,12.3,34.0,4.0,0.0
1, 60 months,C1,w,Individual,Source Verified,house,MORTGAGE,Nov-1994,20000.0,11.99,444.79,155000.0,22.47,17.0,0.0,12740.0,34.8,25.0,3.0,0.0
1, 60 months,E3,w,Individual,Source Verified,small_business,MORTGAGE,Aug-2003,14000.0,19.89,370.06,80000.0,14.39,13.0,0.0,28820.0,58.8,28.0,4.0,0.0
1, 36 months,B1,w,Individual,Verified,debt_consolidation,RENT,Apr-1999,20500.0,8.49,647.04,77700.0,18.56,16.0,1.0,11495.0,39.0,51.0,0.0,1.0
1, 36 months,C4,w,Individual,Source Verified,debt_consolidation,MORTGAGE,Jul-2001,4700.0,13.99,160.62,88000.0,14.21,6.0,2.0,2328.0,77.6,13.0,3.0,0.0
1, 60 months,B2,w,Individual,Source Verified,debt_consolidation,MORTGAGE,Sep-1995,28000.0,9.17,583.55,76008.0,14.47,18.0,0.0,38235.0,43.1,38.0,1.0,0.0
1, 36 months,A5,w,Individual,Not Verified,debt_consolidation,MORTGAGE,Sep-1989,12000.0,7.91,375.54,71000.0,24.86,27.0,0.0,42125.0,38.3,65.0,5.0,0.0
1, 36 months,A5,w,Individual,Source Verified,credit_card,RENT,Mar-2001,7200.0,7.91,225.33,42500.0,11.07,10.0,0.0,8187.0,47.1,18.0,0.0,0.0
1, 36 months,A4,w,Individual,Not Verified,debt_consolidation,OWN,Dec-1983,11000.0,7.49,342.12,33000.0,37.56,26.0,0.0,9867.0,7.1,44.0,0.0,0.0
0, 60 months,C4,w,Individual,Not Verified,debt_consolidation,MORTGAGE,May-2011,11000.0,13.99,255.9,52000.0,5.7,8.0,0.0,8800.0,56.8,8.0,0.0,0.0
1, 36 months,B3,w,Individual,Source Verified,car,MORTGAGE,Nov-1993,3500.0,9.8,112.61,45000.0,22.29,30.0,0.0,3236.0,26.1,66.0,2.0,0.0
1, 36 months,C3,w,Individual,Source Verified,major_purchase,OWN,Sep-2002,23850.0,13.44,808.67,111000.0,13.58,24.0,1.0,20298.0,53.3,38.0,0.0,1.0
1, 36 months,D1,w,Individual,Source Verified,other,RENT,Aug-2004,3600.0,15.77,126.16,70000.0,14.33,12.0,0.0,2442.0,52.0,30.0,0.0,0.0
1, 36 months,C1,w,Individual,Source Verified,credit_card,MORTGAGE,Jan-2006,16500.0,11.99,547.96,76000.0,2.56,12.0,0.0,7256.0,23.5,15.0,0.0,0.0
1, 36 months,B4,w,Individual,Verified,credit_card,MORTGAGE,May-1991,8275.0,10.78,270.06,55000.0,38.05,10.0,0.0,46623.0,89.7,23.0,4.0,0.0
1, 36 months,D3,w,Individual,Source Verified,home_improvement,MORTGAGE,Mar-1989,35000.0,17.27,1252.56,80000.0,15.77,9.0,0.0,13859.0,74.1,19.0,1.0,0.0
1, 36 months,A1,w,Individual,Not Verified,debt_consolidation,MORTGAGE,Jan-1999,20000.0,5.32,602.3,106000.0,20.04,14.0,0.0,16210.0,35.2,28.0,2.0,0.0
1, 36 months,A1,w,Individual,Not Verified,debt_consolidation,MORTGAGE,Oct-1999,22800.0,5.32,686.62,76000.0,21.96,12.0,0.0,15801.0,37.3,27.0,3.0,0.0
1, 36 months,B1,w,Individual,Not Verified,credit_card,OWN,Nov-1994,10000.0,8.49,315.63,35000.0,33.54,12.0,0.0,23294.0,44.3,30.0,1.0,0.0
1, 36 months,B4,w,Individual,Not Verified,debt_consolidation,MORTGAGE,Sep-2003,19000.0,10.78,620.06,155000.0,18.42,7.0,0.0,14815.0,75.2,27.0,4.0,0.0
0, 36 months,D2,w,Individual,Not Verified,debt_consolidation,RENT,Feb-2009,6000.0,16.59,212.7,40000.0,10.8,6.0,0.0,3510.0,46.8,10.0,0.0,0.0
1, 36 months,D2,w,Individual,Verified,credit_card,MORTGAGE,Dec-1993,35000.0,16.59,1240.72,105000.0,27.22,15.0,0.0,40781.0,66.3,24.0,3.0,0.0
1, 36 months,C4,w,Individual,Source Verified,debt_consolidation,MORTGAGE,May-2009,6000.0,13.99,205.04,210000.0,12.55,9.0,0.0,43074.0,88.8,19.0,2.0,0.0
0, 36 months,C4,w,Individual,Source Verified,debt_consolidation,RENT,Sep-1995,16000.0,13.99,546.77,52000.0,33.12,15.0,1.0,7971.0,26.2,19.0,0.0,1.0
1, 36 months,D2,w,Individual,Verified,debt_consolidation,RENT,Mar-2007,5000.0,16.59,177.25,19000.0,14.28,6.0,0.0,4040.0,80.8,8.0,0.0,0.0
0, 36 months,D5,w,Individual,Not Verified,house,RENT,Jun-1999,3000.0,18.49,109.2,54000.0,32.18,46.0,0.0,24977.0,33.2,89.0,0.0,0.0
0, 36 months,C5,w,Individual,Not Verified,other,OWN,Sep-1988,20000.0,14.85,691.84,120000.0,33.29,11.0,0.0,50651.0,91.9,19.0,6.0,0.0
1, 60 months,F2,w,Joint App,Verified,debt_consolidation,MORTGAGE,Jul-1998,24000.0,23.13,678.37,43435.0,35.7,13.0,1.0,12508.0,73.1,22.0,1.0,1.0
1, 36 months,A4,w,Individual,Not Verified,debt_consolidation,MORTGAGE,Jan-2001,20000.0,7.49,622.04,106000.0,27.2,17.0,0.0,27910.0,54.6,32.0,4.0,0.0
1, 36 months,B2,w,Individual,Verified,major_purchase,RENT,Mar-1996,8000.0,9.17,255.04,65000.0,22.05,13.0,0.0,13171.0,79.8,35.0,1.0,0.0
1, 36 months,C2,w,Individual,Source Verified,debt_consolidation,RENT,Apr-2003,5000.0,12.88,168.19,47000.0,38.61,17.0,0.0,10099.0,54.9,35.0,0.0,0.0
1, 36 months,A1,w,Individual,Not Verified,debt_consolidation,MORTGAGE,Jan-1982,20000.0,5.32,602.3,135000.0,15.9,14.0,0.0,14467.0,44.4,32.0,7.0,0.0
1, 36 months,C3,f,Individual,Verified,debt_consolidation,RENT,Apr-1994,5000.0,13.44,169.54,110000.0,24.66,28.0,0.0,26360.0,74.5,59.0,2.0,0.0
1, 36 months,B4,w,Individual,Source Verified,debt_consolidation,RENT,Jan-2007,12000.0,10.78,391.62,29500.0,16.27,8.0,1.0,12710.0,53.4,10.0,0.0,1.0
1, 60 months,E5,w,Individual,Source Verified,debt_consolidation,MORTGAGE,Jul-2008,19675.0,21.48,537.61,86000.0,8.09,8.0,0.0,10734.0,39.2,10.0,1.0,0.0
0, 36 months,B3,w,Individual,Not Verified,home_improvement,OWN,May-2003,24000.0,9.8,772.17,125000.0,2.96,24.0,0.0,7280.0,14.5,27.0,0.0,0.0
1, 36 months,B4,w,Individual,Source Verified,debt_consolidation,MORTGAGE,Apr-2000,12000.0,10.78,391.62,85000.0,24.06,18.0,0.0,13616.0,46.3,40.0,4.0,0.0
1, 36 months,A1,w,Individual,Not Verified,debt_consolidation,OWN,Jul-1987,12000.0,5.32,361.38,45000.0,29.87,7.0,0.0,8994.0,63.3,23.0,1.0,0.0
1, 36 months,A5,w,Individual,Source Verified,credit_card,MORTGAGE,Mar-1990,28000.0,7.91,876.26,112000.0,11.95,5.0,0.0,32983.0,50.0,15.0,2.0,0.0
1, 36 months,B4,f,Individual,Source Verified,credit_card,RENT,Oct-2002,14000.0,10.78,456.89,105000.0,26.66,11.0,0.0,36206.0,88.3,30.0,0.0,0.0
1, 36 months,F2,w,Individual,Verified,other,OWN,May-1981,9975.0,23.13,386.81,31200.0,21.14,10.0,0.0,9075.0,35.6,12.0,0.0,0.0
1, 36 months,A1,w,Individual,Source Verified,debt_consolidation,RENT,Jun-2010,10000.0,5.32,301.15,72000.0,16.42,13.0,0.0,31789.0,59.5,14.0,0.0,0.0
1, 36 months,C4,w,Individual,Verified,credit_card,MORTGAGE,May-1995,3600.0,13.99,123.03,34000.0,29.79,11.0,1.0,10572.0,30.1,19.0,0.0,1.0
1, 36 months,F3,w,Individual,Verified,debt_consolidation,MORTGAGE,Jul-1999,27850.0,24.24,1096.15,55702.0,26.18,10.0,1.0,7657.0,95.7,27.0,1.0,0.0
1, 36 months,B3,w,Individual,Source Verified,credit_card,MORTGAGE,Dec-1999,14000.0,9.8,450.43,175000.0,25.43,19.0,2.0,41039.0,83.2,38.0,5.0,0.0
1, 36 months,A1,w,Individual,Not Verified,credit_card,OWN,Aug-2008,12475.0,5.32,375.69,26000.0,28.49,6.0,0.0,6643.0,69.9,7.0,0.0,0.0
1, 60 months,C3,w,Joint App,Verified,credit_card,MORTGAGE,Jun-2001,24000.0,13.44,551.5,96000.0,22.7,13.0,1.0,19403.0,53.3,24.0,2.0,0.0
1, 60 months,C5,w,Individual,Verified,debt_consolidation,RENT,Feb-2002,22400.0,14.85,531.14,96000.0,20.45,10.0,0.0,10802.0,85.1,19.0,3.0,0.0
1, 36 months,A2,w,Individual,Not Verified,credit_card,MORTGAGE,May-2001,26000.0,6.49,796.76,124400.0,26.03,8.0,0.0,20052.0,59.0,36.0,6.0,0.0
1, 60 months,C3,w,Individual,Not Verified,home_improvement,OWN,Jul-1995,25000.0,13.44,574.48,50000.0,6.39,11.0,0.0,8291.0,12.2,34.0,5.0,0.0
1, 36 months,B3,w,Individual,Source Verified,credit_card,MORTGAGE,Jan-1999,14000.0,9.8,450.43,130000.0,11.99,14.0,0.0,78106.0,85.1,28.0,5.0,0.0
1, 36 months,A2,w,Individual,Not Verified,debt_consolidation,OWN,Oct-2003,10000.0,6.49,306.45,52600.0,13.16,12.0,0.0,4788.0,16.3,20.0,0.0,0.0
1, 36 months,E1,w,Individual,Verified,credit_card,MORTGAGE,Nov-2001,11550.0,18.99,423.32,28948.92,18.41,9.0,0.0,14858.0,77.8,13.0,2.0,0.0
1, 36 months,A3,w,Individual,Source Verified,credit_card,MORTGAGE,Mar-1994,14000.0,6.99,432.22,100200.0,19.34,11.0,0.0,26355.0,69.0,23.0,9.0,0.0
1, 36 months,A5,w,Individual,Not Verified,credit_card,MORTGAGE,Apr-1998,9000.0,7.91,281.66,90000.0,9.28,11.0,0.0,3218.0,11.1,40.0,3.0,0.0
1, 36 months,B4,w,Individual,Verified,debt_consolidation,RENT,Nov-2001,8000.0,10.78,261.08,38000.0,25.36,13.0,1.0,7065.0,63.6,27.0,1.0,1.0
1, 36 months,A5,w,Individual,Not Verified,other,MORTGAGE,Jun-2002,11000.0,7.91,344.25,60000.0,28.36,16.0,0.0,16701.0,47.2,24.0,0.0,0.0
1, 36 months,A1,w,Individual,Not Verified,credit_card,MORTGAGE,Feb-1984,11200.0,5.32,337.29,82500.0,14.79,8.0,0.0,2721.0,6.0,25.0,4.0,0.0
0, 60 months,C3,w,Individual,Not Verified,debt_consolidation,MORTGAGE,Nov-2004,21000.0,13.44,482.56,75000.0,21.56,25.0,1.0,14236.0,37.9,52.0,1.0,0.0
1, 36 months,C1,w,Individual,Source Verified,debt_consolidation,RENT,May-1997,35000.0,11.99,1162.34,130000.0,19.75,15.0,0.0,41206.0,62.5,20.0,0.0,0.0
1, 36 months,C3,w,Individual,Verified,credit_card,MORTGAGE,Aug-2009,20000.0,13.44,678.13,64000.0,23.85,9.0,0.0,25020.0,73.4,22.0,2.0,0.0
1, 36 months,A2,w,Individual,Source Verified,debt_consolidation,MORTGAGE,Nov-2000,24000.0,6.49,735.47,105000.0,17.15,7.0,0.0,30763.0,87.4,13.0,2.0,0.0
1, 36 months,C1,w,Individual,Not Verified,debt_consolidation,RENT,Apr-2004,19800.0,11.99,657.55,45000.0,23.47,12.0,0.0,6477.0,26.5,18.0,0.0,0.0
0, 36 months,C2,w,Individual,Not Verified,debt_consolidation,RENT,May-2002,30000.0,12.88,1009.09,84000.0,24.39,8.0,0.0,2204.0,21.8,26.0,0.0,0.0
1, 36 months,A1,w,Individual,Source Verified,credit_card,MORTGAGE,May-1980,28000.0,5.32,843.22,205200.0,21.6,17.0,0.0,24236.0,54.0,40.0,6.0,0.0
1, 60 months,D4,w,Individual,Source Verified,debt_consolidation,MORTGAGE,Jul-2001,27300.0,17.97,692.8,65000.0,17.02,9.0,0.0,29015.0,72.7,32.0,3.0,0.0
0, 60 months,C2,w,Individual,Not Verified,credit_card,RENT,Feb-2003,24000.0,12.88,544.61,73000.0,19.76,8.0,1.0,9016.0,88.4,20.0,0.0,0.0
1, 36 months,B2,w,Individual,Source Verified,home_improvement,MORTGAGE,Aug-2003,1450.0,9.17,46.23,35000.0,18.59,6.0,0.0,6916.0,69.2,16.0,1.0,0.0
1, 36 months,B3,w,Individual,Source Verified,debt_consolidation,MORTGAGE,Mar-2008,4000.0,9.8,128.7,47500.0,5.79,12.0,0.0,5854.0,56.8,19.0,1.0,0.0
1, 36 months,B5,w,Individual,Not Verified,major_purchase,RENT,Aug-2000,1000.0,11.48,32.97,86000.0,20.64,10.0,0.0,26498.0,80.3,22.0,0.0,0.0
1, 36 months,B4,w,Individual,Not Verified,major_purchase,MORTGAGE,Apr-1985,24950.0,10.78,814.24,65000.0,15.95,15.0,0.0,9520.0,21.9,23.0,2.0,0.0
1, 36 months,A1,w,Individual,Not Verified,home_improvement,MORTGAGE,Jul-1993,25000.0,5.32,752.87,300000.0,9.14,10.0,1.0,7543.0,33.5,27.0,1.0,1.0
1, 36 months,A5,f,Individual,Source Verified,other,MORTGAGE,Nov-1992,6000.0,7.91,187.77,250000.0,16.17,15.0,0.0,67109.0,82.3,33.0,5.0,0.0
0, 36 months,B2,w,Individual,Not Verified,debt_consolidation,MORTGAGE,Nov-1997,21000.0,9.17,669.46,110000.0,22.5,14.0,5.0,24093.0,46.1,20.0,0.0,0.0
1, 36 months,C1,w,Individual,Verified,debt_consolidation,MORTGAGE,Dec-2001,2950.0,11.99,97.97,22000.0,16.58,8.0,1.0,4285.0,45.0,22.0,2.0,1.0
0, 60 months,F3,w,Individual,Source Verified,debt_consolidation,MORTGAGE,Jan-1992,33100.0,24.24,956.84,72000.0,23.77,11.0,0.0,23791.0,64.3,23.0,0.0,0.0
1, 36 months,D3,w,Individual,Verified,debt_consolidation,MORTGAGE,Mar-2006,6000.0,17.27,214.73,120000.0,23.03,16.0,0.0,20408.0,76.4,21.0,1.0,0.0
0, 60 months,D4,w,Individual,Verified,debt_consolidation,RENT,Jun-1991,10500.0,17.97,266.46,28832.0,23.62,10.0,0.0,7739.0,41.8,23.0,0.0,0.0
1, 36 months,C1,w,Individual,Not Verified,debt_consolidation,OWN,Jan-2007,12000.0,11.99,398.52,35000.0,20.82,7.0,0.0,19850.0,40.0,16.0,1.0,0.0
1, 36 months,A3,w,Individual,Not Verified,credit_card,MORTGAGE,Aug-1987,20000.0,6.99,617.46,120000.0,16.8,11.0,0.0,35896.0,61.1,40.0,10.0,0.0
1, 36 months,E2,w,Individual,Source Verified,other,MORTGAGE,Mar-1996,10000.0,19.48,369.0,150000.0,14.89,10.0,0.0,3318.0,13.5,28.0,1.0,0.0
0, 36 months,C4,w,Individual,Source Verified,credit_card,MORTGAGE,May-2001,9525.0,13.99,325.5,55000.0,30.96,18.0,0.0,16992.0,76.9,32.0,3.0,0.0
1, 36 months,A1,w,Individual,Not Verified,debt_consolidation,MORTGAGE,Dec-2000,20000.0,5.32,602.3,187000.0,14.68,20.0,0.0,18711.0,25.9,37.0,4.0,0.0
1, 36 months,B5,w,Individual,Verified,debt_consolidation,MORTGAGE,Dec-2002,14450.0,11.48,476.37,116300.0,2.86,4.0,0.0,883.0,26.0,23.0,6.0,0.0
1, 36 months,A3,w,Individual,Not Verified,debt_consolidation,MORTGAGE,Sep-1990,21600.0,6.99,666.85,120000.0,20.73,18.0,0.0,143395.0,24.6,36.0,5.0,0.0
1, 36 months,A3,w,Individual,Not Verified,credit_card,RENT,Jul-1992,12600.0,6.99,389.0,73000.0,5.56,3.0,0.0,8699.0,77.4,7.0,0.0,0.0
0, 36 months,D1,w,Individual,Verified,debt_consolidation,RENT,May-2000,14800.0,15.77,518.65,48000.0,20.55,17.0,1.0,2659.0,17.5,22.0,0.0,1.0
0, 36 months,C3,w,Individual,Verified,debt_consolidation,RENT,Apr-2005,20000.0,13.44,678.13,53000.0,15.29,13.0,0.0,16180.0,59.1,25.0,0.0,0.0
1, 36 months,B5,w,Individual,Not Verified,debt_consolidation,RENT,Jan-1988,9600.0,11.48,316.48,110000.0,13.83,8.0,1.0,7544.0,75.4,24.0,1.0,1.0
1, 36 months,D4,w,Individual,Verified,home_improvement,MORTGAGE,May-1993,11900.0,17.97,430.04,34000.0,32.83,10.0,1.0,8890.0,35.0,41.0,2.0,1.0
1, 60 months,E1,w,Individual,Source Verified,credit_card,RENT,Aug-2006,20800.0,18.99,539.45,60000.0,29.6,15.0,0.0,14899.0,69.3,27.0,0.0,0.0
0, 36 months,B4,w,Individual,Source Verified,credit_card,MORTGAGE,Jun-1998,30000.0,10.78,979.04,70000.0,22.99,11.0,0.0,33542.0,73.9,26.0,2.0,0.0
1, 36 months,B3,w,Individual,Verified,credit_card,OWN,Nov-2000,12000.0,9.8,386.09,31200.0,30.04,8.0,0.0,5652.0,56.5,11.0,1.0,0.0
1, 36 months,B5,f,Individual,Source Verified,home_improvement,MORTGAGE,Nov-1990,5000.0,11.48,164.84,85000.0,8.28,5.0,0.0,327.0,15.6,38.0,6.0,0.0
0, 60 months,D4,w,Individual,Verified,debt_consolidation,RENT,Jul-1998,15000.0,17.97,380.66,45500.0,30.95,13.0,0.0,13021.0,37.0,50.0,0.0,0.0
1, 36 months,C2,w,Individual,Source Verified,debt_consolidation,RENT,Oct-2001,18900.0,12.88,635.73,45000.0,30.45,14.0,0.0,13106.0,69.3,31.0,0.0,0.0
1, 36 months,A5,w,Individual,Source Verified,debt_consolidation,MORTGAGE,Mar-1978,5000.0,7.91,156.48,67000.0,36.53,34.0,0.0,44464.0,60.3,56.0,5.0,0.0
1, 36 months,B4,w,Individual,Source Verified,credit_card,RENT,May-2006,19850.0,10.78,647.8,85005.0,17.2,14.0,0.0,15506.0,37.1,20.0,0.0,0.0
1, 36 months,C4,w,Individual,Not Verified,debt_consolidation,MORTGAGE,Jan-2002,8000.0,13.99,273.39,80000.0,19.74,11.0,1.0,6779.0,36.6,21.0,0.0,1.0
1, 60 months,D2,w,Individual,Source Verified,debt_consolidation,MORTGAGE,Oct-2005,20000.0,16.59,492.66,100000.0,20.0,12.0,0.0,18478.0,67.0,25.0,3.0,0.0
0, 60 months,C4,w,Individual,Not Verified,debt_consolidation,OWN,May-1996,20000.0,13.99,465.27,60000.0,23.24,14.0,1.0,4985.0,30.0,27.0,1.0,1.0
1, 60 months,F1,w,Individual,Source Verified,debt_consolidation,RENT,Nov-2007,28000.0,22.45,780.52,93000.0,17.73,14.0,0.0,17698.0,33.5,19.0,0.0,0.0
1, 36 months,C4,w,Individual,Verified,debt_consolidation,RENT,Oct-1994,12000.0,13.99,410.08,50000.0,20.31,13.0,1.0,7167.0,33.0,37.0,0.0,1.0
1, 36 months,B3,w,Individual,Not Verified,debt_consolidation,RENT,Feb-2002,15000.0,9.8,482.61,52500.0,4.96,8.0,1.0,10459.0,52.3,16.0,3.0,1.0
1, 36 months,A4,w,Individual,Verified,credit_card,MORTGAGE,Apr-1987,30000.0,7.49,933.05,130000.0,9.82,11.0,0.0,39025.0,28.0,23.0,2.0,0.0
1, 36 months,A1,w,Individual,Source Verified,credit_card,MORTGAGE,Mar-2001,17000.0,5.32,511.96,98000.0,9.21,9.0,0.0,18067.0,29.8,24.0,4.0,0.0
1, 36 months,D2,w,Individual,Verified,debt_consolidation,RENT,Nov-2001,15750.0,16.59,558.33,50000.0,21.96,18.0,0.0,8770.0,65.9,49.0,0.0,0.0
1, 36 months,B4,w,Individual,Not Verified,major_purchase,OWN,Oct-1998,5000.0,10.78,163.18,55000.0,30.98,9.0,0.0,17669.0,78.2,12.0,0.0,0.0
1, 60 months,C4,w,Individual,Verified,debt_consolidation,MORTGAGE,Nov-1994,24000.0,13.99,558.32,115000.0,17.71,11.0,1.0,20359.0,73.5,32.0,2.0,1.0
1, 36 months,B2,w,Individual,Not Verified,debt_consolidation,RENT,Feb-1994,15000.0,9.17,478.19,45000.0,16.93,6.0,1.0,9481.0,55.0,22.0,1.0,1.0
1, 60 months,C3,w,Individual,Source Verified,home_improvement,MORTGAGE,Jun-1994,30000.0,13.44,689.37,70000.0,12.08,12.0,0.0,19212.0,52.8,33.0,2.0,0.0
1, 36 months,A4,f,Individual,Source Verified,credit_card,MORTGAGE,Aug-2001,4200.0,7.49,130.63,90000.0,24.85,15.0,0.0,15478.0,33.5,38.0,7.0,0.0
1, 36 months,C1,w,Individual,Source Verified,debt_consolidation,RENT,Nov-2012,6025.0,11.99,200.09,25000.0,6.82,3.0,0.0,4877.0,46.0,6.0,0.0,0.0
0, 60 months,D5,w,Individual,Verified,debt_consolidation,MORTGAGE,May-1999,14850.0,18.49,381.07,45000.0,13.57,13.0,0.0,16081.0,45.7,32.0,1.0,0.0
1, 36 months,A2,w,Individual,Not Verified,credit_card,MORTGAGE,Jun-1985,10000.0,6.49,306.45,106000.0,16.45,17.0,0.0,45381.0,16.0,32.0,6.0,0.0
0, 36 months,B5,w,Individual,Verified,small_business,MORTGAGE,Aug-1988,10000.0,11.48,329.67,105000.0,36.81,11.0,2.0,4268.0,34.0,37.0,1.0,1.0
1, 36 months,C2,w,Individual,Source Verified,credit_card,MORTGAGE,Jun-1996,35000.0,12.88,1177.27,240000.0,4.3,10.0,0.0,37389.0,85.9,17.0,5.0,0.0
0, 36 months,C2,w,Individual,Verified,debt_consolidation,RENT,Aug-1997,15000.0,12.88,504.55,89000.0,34.58,27.0,1.0,32901.0,81.4,43.0,1.0,1.0
1, 36 months,C1,w,Individual,Verified,moving,RENT,Apr-2004,5000.0,11.99,166.05,60000.0,19.27,13.0,0.0,18425.0,43.0,30.0,0.0,0.0
1, 36 months,C4,f,Individual,Verified,debt_consolidation,RENT,Dec-2002,11000.0,13.99,375.91,65000.0,21.88,13.0,0.0,9862.0,64.5,28.0,0.0,0.0
1, 36 months,D1,w,Individual,Verified,vacation,MORTGAGE,Oct-2007,5500.0,15.77,192.74,101000.0,25.55,14.0,0.0,27478.0,88.0,21.0,1.0,0.0
1, 36 months,C1,w,Individual,Source Verified,home_improvement,MORTGAGE,Oct-2004,2500.0,11.99,83.03,50400.0,12.48,5.0,1.0,35.0,1.1,12.0,2.0,0.0
1, 36 months,D1,f,Individual,Source Verified,debt_consolidation,MORTGAGE,Apr-1998,21150.0,15.77,741.18,52000.0,26.17,10.0,1.0,16582.0,63.5,32.0,3.0,0.0
1, 36 months,B5,w,Individual,Verified,debt_consolidation,RENT,Apr-2000,20000.0,11.48,659.33,185000.0,25.7,17.0,0.0,31201.0,90.2,28.0,0.0,0.0
1, 36 months,B5,w,Individual,Source Verified,debt_consolidation,RENT,Oct-2011,5875.0,11.48,193.68,25200.0,10.48,10.0,0.0,4446.0,39.0,11.0,0.0,0.0
1, 36 months,A4,w,Individual,Source Verified,car,RENT,Jul-1984,24000.0,7.49,746.44,107000.0,15.15,13.0,0.0,23594.0,34.8,22.0,0.0,0.0
0, 36 months,B3,w,Individual,Verified,debt_consolidation,RENT,Jan-1998,12000.0,9.8,386.09,46000.0,27.42,19.0,0.0,18383.0,41.0,27.0,2.0,0.0
0, 60 months,E1,w,Individual,Source Verified,debt_consolidation,OWN,Jun-2001,19200.0,18.99,497.96,113000.0,23.81,16.0,0.0,25878.0,79.9,49.0,6.0,0.0
1, 36 months,C4,w,Individual,Not Verified,debt_consolidation,MORTGAGE,May-1986,8000.0,13.99,273.39,50000.0,19.85,8.0,0.0,29588.0,83.3,18.0,3.0,0.0
1, 36 months,D1,w,Individual,Not Verified,debt_consolidation,MORTGAGE,Sep-2004,28000.0,15.77,981.23,105000.0,28.35,13.0,0.0,18749.0,67.7,40.0,1.0,0.0
0, 36 months,B4,w,Individual,Source Verified,credit_card,RENT,Jan-2004,13500.0,10.78,440.57,77000.0,14.45,8.0,2.0,6875.0,75.5,10.0,0.0,1.0
1, 36 months,B1,w,Individual,Verified,debt_consolidation,MORTGAGE,Apr-1989,11000.0,8.49,347.2,125000.0,27.87,9.0,0.0,58332.0,92.0,23.0,4.0,0.0
1, 36 months,B4,w,Individual,Not Verified,debt_consolidation,MORTGAGE,Mar-1996,15000.0,10.78,489.52,46000.0,30.65,23.0,0.0,17771.0,26.2,36.0,1.0,0.0
1, 36 months,B3,w,Individual,Verified,debt_consolidation,RENT,May-2001,20000.0,9.8,643.47,95000.0,21.31,17.0,0.0,37071.0,63.6,22.0,0.0,0.0
1, 36 months,B3,w,Individual,Verified,credit_card,OWN,Feb-1982,35000.0,9.8,1126.07,173000.0,22.42,17.0,0.0,63825.0,86.5,31.0,5.0,0.0
